Entity,Code,Year,Healthy life expectancy (HALE) at birth (years) - Sex: both sexes
Afghanistan,AFG,2000,46.02795
Afghanistan,AFG,2001,46.11612
Afghanistan,AFG,2002,47.18485
Afghanistan,AFG,2003,47.97795
Afghanistan,AFG,2004,48.32476
Afghanistan,AFG,2005,48.60925
Afghanistan,AFG,2006,48.78662
Afghanistan,AFG,2007,49.00634
Afghanistan,AFG,2008,49.54813
Afghanistan,AFG,2009,50.0714
Afghanistan,AFG,2010,50.47167
Afghanistan,AFG,2011,50.9331
Afghanistan,AFG,2012,51.25517
Afghanistan,AFG,2013,51.69269
Afghanistan,AFG,2014,51.69512
Afghanistan,AFG,2015,51.61707
Afghanistan,AFG,2016,51.65872
Afghanistan,AFG,2017,52.04834
Afghanistan,AFG,2018,51.72087
Afghanistan,AFG,2019,52.30937
Afghanistan,AFG,2020,51.65582
Afghanistan,AFG,2021,50.44624
Africa (WHO),,2000,45.98468
Africa (WHO),,2001,46.41207
Africa (WHO),,2002,46.75236
Africa (WHO),,2003,47.15018
Africa (WHO),,2004,47.69538
Africa (WHO),,2005,48.34151
Africa (WHO),,2006,49.03474
Africa (WHO),,2007,49.78525
Africa (WHO),,2008,50.49982
Africa (WHO),,2009,51.16741
Africa (WHO),,2010,51.805
Africa (WHO),,2011,52.40311
Africa (WHO),,2012,52.9896
Africa (WHO),,2013,53.50797
Africa (WHO),,2014,53.91571
Africa (WHO),,2015,54.33386
Africa (WHO),,2016,54.74136
Africa (WHO),,2017,55.11765
Africa (WHO),,2018,55.4751
Africa (WHO),,2019,55.81317
Africa (WHO),,2020,55.58462
Africa (WHO),,2021,55.15624
Albania,ALB,2000,64.47741
Albania,ALB,2001,66.20766
Albania,ALB,2002,65.86774
Albania,ALB,2003,65.52348
Albania,ALB,2004,65.92135
Albania,ALB,2005,64.9699
Albania,ALB,2006,65.01865
Albania,ALB,2007,65.29892
Albania,ALB,2008,65.68039
Albania,ALB,2009,66.14647
Albania,ALB,2010,66.66637
Albania,ALB,2011,67.00329
Albania,ALB,2012,67.74144
Albania,ALB,2013,68.09932
Albania,ALB,2014,68.32574
Albania,ALB,2015,68.19153
Albania,ALB,2016,68.30262
Albania,ALB,2017,68.34923
Albania,ALB,2018,68.39033
Albania,ALB,2019,68.40525
Albania,ALB,2020,67.15342
Albania,ALB,2021,66.68796
Algeria,DZA,2000,62.93614
Algeria,DZA,2001,63.19088
Algeria,DZA,2002,63.44576
Algeria,DZA,2003,63.60124
Algeria,DZA,2004,63.99687
Algeria,DZA,2005,64.25263
Algeria,DZA,2006,64.46989
Algeria,DZA,2007,64.66842
Algeria,DZA,2008,64.86774
Algeria,DZA,2009,65.04301
Algeria,DZA,2010,65.22624
Algeria,DZA,2011,65.35786
Algeria,DZA,2012,65.50732
Algeria,DZA,2013,65.62899
Algeria,DZA,2014,65.74091
Algeria,DZA,2015,65.83857
Algeria,DZA,2016,65.98025
Algeria,DZA,2017,66.05634
Algeria,DZA,2018,66.06299
Algeria,DZA,2019,66.13775
Algeria,DZA,2020,64.1408
Algeria,DZA,2021,65.54819
Americas (WHO),,2000,63.56639
Americas (WHO),,2001,63.727
Americas (WHO),,2002,63.8753
Americas (WHO),,2003,64.02861
Americas (WHO),,2004,64.30849
Americas (WHO),,2005,64.47708
Americas (WHO),,2006,64.73112
Americas (WHO),,2007,64.90322
Americas (WHO),,2008,65.00648
Americas (WHO),,2009,65.1804
Americas (WHO),,2010,64.88798
Americas (WHO),,2011,65.41382
Americas (WHO),,2012,65.53108
Americas (WHO),,2013,65.61181
Americas (WHO),,2014,65.68108
Americas (WHO),,2015,65.65005
Americas (WHO),,2016,65.5606
Americas (WHO),,2017,65.63361
Americas (WHO),,2018,65.70964
Americas (WHO),,2019,65.75789
Americas (WHO),,2020,64.07287
Americas (WHO),,2021,63.24846
Angola,AGO,2000,42.84718
Angola,AGO,2001,43.42968
Angola,AGO,2002,44.27867
Angola,AGO,2003,44.87989
Angola,AGO,2004,45.43836
Angola,AGO,2005,46.28799
Angola,AGO,2006,47.10597
Angola,AGO,2007,48.04794
Angola,AGO,2008,48.82686
Angola,AGO,2009,49.5924
Angola,AGO,2010,50.36859
Angola,AGO,2011,51.05446
Angola,AGO,2012,51.67331
Angola,AGO,2013,52.32706
Angola,AGO,2014,53.09964
Angola,AGO,2015,53.4986
Angola,AGO,2016,53.7297
Angola,AGO,2017,53.90308
Angola,AGO,2018,54.11596
Angola,AGO,2019,54.31665
Angola,AGO,2020,54.32813
Angola,AGO,2021,53.76187
Antigua and Barbuda,ATG,2000,64.89145
Antigua and Barbuda,ATG,2001,65.12184
Antigua and Barbuda,ATG,2002,65.33903
Antigua and Barbuda,ATG,2003,65.50189
Antigua and Barbuda,ATG,2004,65.62163
Antigua and Barbuda,ATG,2005,65.74246
Antigua and Barbuda,ATG,2006,65.74498
Antigua and Barbuda,ATG,2007,65.3174
Antigua and Barbuda,ATG,2008,65.38526
Antigua and Barbuda,ATG,2009,65.72734
Antigua and Barbuda,ATG,2010,65.76685
Antigua and Barbuda,ATG,2011,65.79156
Antigua and Barbuda,ATG,2012,65.82234
Antigua and Barbuda,ATG,2013,65.86591
Antigua and Barbuda,ATG,2014,65.7682
Antigua and Barbuda,ATG,2015,65.78182
Antigua and Barbuda,ATG,2016,65.72075
Antigua and Barbuda,ATG,2017,65.72508
Antigua and Barbuda,ATG,2018,65.75886
Antigua and Barbuda,ATG,2019,65.78406
Antigua and Barbuda,ATG,2020,67.12332
Antigua and Barbuda,ATG,2021,66.52282
Argentina,ARG,2000,64.72535
Argentina,ARG,2001,64.70477
Argentina,ARG,2002,64.65068
Argentina,ARG,2003,64.63331
Argentina,ARG,2004,65.10705
Argentina,ARG,2005,65.36536
Argentina,ARG,2006,65.57386
Argentina,ARG,2007,65.23929
Argentina,ARG,2008,65.71531
Argentina,ARG,2009,65.84576
Argentina,ARG,2010,65.82538
Argentina,ARG,2011,65.96715
Argentina,ARG,2012,66.15199
Argentina,ARG,2013,66.19268
Argentina,ARG,2014,66.43944
Argentina,ARG,2015,66.48045
Argentina,ARG,2016,66.1988
Argentina,ARG,2017,66.60262
Argentina,ARG,2018,66.78873
Argentina,ARG,2019,66.89653
Argentina,ARG,2020,66.15404
Argentina,ARG,2021,64.79436
Armenia,ARM,2000,62.97105
Armenia,ARM,2001,63.12288
Armenia,ARM,2002,63.04555
Armenia,ARM,2003,63.19099
Armenia,ARM,2004,63.47421
Armenia,ARM,2005,63.5406
Armenia,ARM,2006,63.50357
Armenia,ARM,2007,63.92507
Armenia,ARM,2008,63.90275
Armenia,ARM,2009,64.10767
Armenia,ARM,2010,64.34159
Armenia,ARM,2011,64.57399
Armenia,ARM,2012,64.86642
Armenia,ARM,2013,65.28902
Armenia,ARM,2014,65.30877
Armenia,ARM,2015,65.3702
Armenia,ARM,2016,65.47875
Armenia,ARM,2017,66.10714
Armenia,ARM,2018,66.41692
Armenia,ARM,2019,66.47682
Armenia,ARM,2020,61.03095
Armenia,ARM,2021,64.01331
Australia,AUS,2000,68.11233
Australia,AUS,2001,68.41082
Australia,AUS,2002,68.4392
Australia,AUS,2003,68.68043
Australia,AUS,2004,68.80197
Australia,AUS,2005,68.84537
Australia,AUS,2006,68.98834
Australia,AUS,2007,69.2197
Australia,AUS,2008,69.19394
Australia,AUS,2009,69.4916
Australia,AUS,2010,69.62732
Australia,AUS,2011,69.65596
Australia,AUS,2012,69.93422
Australia,AUS,2013,70.09444
Australia,AUS,2014,70.06493
Australia,AUS,2015,70.0369
Australia,AUS,2016,70.26542
Australia,AUS,2017,70.3175
Australia,AUS,2018,70.54179
Australia,AUS,2019,70.25645
Australia,AUS,2020,70.7329
Australia,AUS,2021,70.60636
Austria,AUT,2000,67.63383
Austria,AUT,2001,67.96727
Austria,AUT,2002,68.01334
Austria,AUT,2003,67.94065
Austria,AUT,2004,68.26962
Austria,AUT,2005,68.42262
Austria,AUT,2006,68.79365
Austria,AUT,2007,68.99506
Austria,AUT,2008,69.21502
Austria,AUT,2009,69.14626
Austria,AUT,2010,69.36168
Austria,AUT,2011,69.624
Austria,AUT,2012,69.64678
Austria,AUT,2013,69.80547
Austria,AUT,2014,70.04028
Austria,AUT,2015,69.89998
Austria,AUT,2016,70.19627
Austria,AUT,2017,70.2392
Austria,AUT,2018,70.27868
Austria,AUT,2019,70.44474
Austria,AUT,2020,69.92111
Austria,AUT,2021,69.78945
Azerbaijan,AZE,2000,57.80797
Azerbaijan,AZE,2001,58.69186
Azerbaijan,AZE,2002,59.08464
Azerbaijan,AZE,2003,59.16889
Azerbaijan,AZE,2004,59.7383
Azerbaijan,AZE,2005,59.82934
Azerbaijan,AZE,2006,60.07423
Azerbaijan,AZE,2007,61.35692
Azerbaijan,AZE,2008,61.00374
Azerbaijan,AZE,2009,61.5588
Azerbaijan,AZE,2010,61.9289
Azerbaijan,AZE,2011,62.40031
Azerbaijan,AZE,2012,63.06423
Azerbaijan,AZE,2013,63.76369
Azerbaijan,AZE,2014,64.26554
Azerbaijan,AZE,2015,64.96044
Azerbaijan,AZE,2016,65.24314
Azerbaijan,AZE,2017,65.73464
Azerbaijan,AZE,2018,66.13742
Azerbaijan,AZE,2019,66.62392
Azerbaijan,AZE,2020,62.99997
Azerbaijan,AZE,2021,64.04244
Bahamas,BHS,2000,62.22187
Bahamas,BHS,2001,62.33781
Bahamas,BHS,2002,62.7068
Bahamas,BHS,2003,63.0473
Bahamas,BHS,2004,63.1365
Bahamas,BHS,2005,63.5145
Bahamas,BHS,2006,63.50092
Bahamas,BHS,2007,63.82715
Bahamas,BHS,2008,63.73664
Bahamas,BHS,2009,63.60806
Bahamas,BHS,2010,63.54791
Bahamas,BHS,2011,63.52991
Bahamas,BHS,2012,63.59551
Bahamas,BHS,2013,63.71754
Bahamas,BHS,2014,63.45476
Bahamas,BHS,2015,63.66429
Bahamas,BHS,2016,63.68865
Bahamas,BHS,2017,63.88691
Bahamas,BHS,2018,64.00948
Bahamas,BHS,2019,61.7826
Bahamas,BHS,2020,63.26312
Bahamas,BHS,2021,61.51529
Bahrain,BHR,2000,61.05395
Bahrain,BHR,2001,61.59633
Bahrain,BHR,2002,61.77013
Bahrain,BHR,2003,61.82935
Bahrain,BHR,2004,62.06049
Bahrain,BHR,2005,62.37565
Bahrain,BHR,2006,62.6568
Bahrain,BHR,2007,63.19821
Bahrain,BHR,2008,63.58789
Bahrain,BHR,2009,63.97708
Bahrain,BHR,2010,64.31575
Bahrain,BHR,2011,64.54082
Bahrain,BHR,2012,64.79779
Bahrain,BHR,2013,65.10788
Bahrain,BHR,2014,65.52074
Bahrain,BHR,2015,65.59805
Bahrain,BHR,2016,65.54758
Bahrain,BHR,2017,65.58818
Bahrain,BHR,2018,65.74499
Bahrain,BHR,2019,65.79861
Bahrain,BHR,2020,64.72649
Bahrain,BHR,2021,64.23784
Bangladesh,BGD,2000,56.66076
Bangladesh,BGD,2001,57.17862
Bangladesh,BGD,2002,57.54183
Bangladesh,BGD,2003,57.91538
Bangladesh,BGD,2004,58.40124
Bangladesh,BGD,2005,58.75864
Bangladesh,BGD,2006,59.04145
Bangladesh,BGD,2007,59.35356
Bangladesh,BGD,2008,59.8708
Bangladesh,BGD,2009,60.3592
Bangladesh,BGD,2010,60.75873
Bangladesh,BGD,2011,61.5379
Bangladesh,BGD,2012,62.28677
Bangladesh,BGD,2013,62.6909
Bangladesh,BGD,2014,62.88173
Bangladesh,BGD,2015,63.21754
Bangladesh,BGD,2016,63.4465
Bangladesh,BGD,2017,63.4685
Bangladesh,BGD,2018,63.73657
Bangladesh,BGD,2019,63.97887
Bangladesh,BGD,2020,63.34376
Bangladesh,BGD,2021,63.05119
Barbados,BRB,2000,65.2922
Barbados,BRB,2001,65.63874
Barbados,BRB,2002,65.48668
Barbados,BRB,2003,65.25073
Barbados,BRB,2004,65.29939
Barbados,BRB,2005,65.5541
Barbados,BRB,2006,65.60947
Barbados,BRB,2007,65.73473
Barbados,BRB,2008,65.91861
Barbados,BRB,2009,66.18975
Barbados,BRB,2010,66.20591
Barbados,BRB,2011,66.25414
Barbados,BRB,2012,66.42112
Barbados,BRB,2013,66.44083
Barbados,BRB,2014,66.45115
Barbados,BRB,2015,66.48699
Barbados,BRB,2016,66.51276
Barbados,BRB,2017,66.52147
Barbados,BRB,2018,66.47962
Barbados,BRB,2019,66.29089
Barbados,BRB,2020,66.85221
Barbados,BRB,2021,66.66857
Belarus,BLR,2000,60.20961
Belarus,BLR,2001,59.90452
Belarus,BLR,2002,59.56447
Belarus,BLR,2003,59.95071
Belarus,BLR,2004,60.30223
Belarus,BLR,2005,60.23966
Belarus,BLR,2006,60.7343
Belarus,BLR,2007,61.45326
Belarus,BLR,2008,61.59564
Belarus,BLR,2009,61.73394
Belarus,BLR,2010,61.65793
Belarus,BLR,2011,61.84041
Belarus,BLR,2012,63.08646
Belarus,BLR,2013,63.50204
Belarus,BLR,2014,63.97142
Belarus,BLR,2015,64.47404
Belarus,BLR,2016,64.62478
Belarus,BLR,2017,64.92631
Belarus,BLR,2018,65.0589
Belarus,BLR,2019,65.43521
Belarus,BLR,2020,63.90189
Belarus,BLR,2021,63.70762
Belgium,BEL,2000,67.21427
Belgium,BEL,2001,67.40065
Belgium,BEL,2002,67.41311
Belgium,BEL,2003,67.46812
Belgium,BEL,2004,67.91976
Belgium,BEL,2005,67.94065
Belgium,BEL,2006,68.18926
Belgium,BEL,2007,68.39754
Belgium,BEL,2008,68.38125
Belgium,BEL,2009,68.5533
Belgium,BEL,2010,68.56546
Belgium,BEL,2011,68.80475
Belgium,BEL,2012,68.77894
Belgium,BEL,2013,69.00365
Belgium,BEL,2014,69.47604
Belgium,BEL,2015,69.35862
Belgium,BEL,2016,69.64158
Belgium,BEL,2017,69.73442
Belgium,BEL,2018,69.83475
Belgium,BEL,2019,70.10246
Belgium,BEL,2020,69.3322
Belgium,BEL,2021,69.79468
Belize,BLZ,2000,61.59953
Belize,BLZ,2001,61.958
Belize,BLZ,2002,62.49379
Belize,BLZ,2003,62.83947
Belize,BLZ,2004,63.01287
Belize,BLZ,2005,63.28719
Belize,BLZ,2006,63.46459
Belize,BLZ,2007,63.79866
Belize,BLZ,2008,64.16629
Belize,BLZ,2009,64.26837
Belize,BLZ,2010,64.21536
Belize,BLZ,2011,64.39294
Belize,BLZ,2012,64.64195
Belize,BLZ,2013,64.75007
Belize,BLZ,2014,64.68999
Belize,BLZ,2015,64.75591
Belize,BLZ,2016,64.82042
Belize,BLZ,2017,64.9524
Belize,BLZ,2018,64.96468
Belize,BLZ,2019,65.18988
Belize,BLZ,2020,64.96752
Belize,BLZ,2021,63.82472
Benin,BEN,2000,49.88735
Benin,BEN,2001,50.1714
Benin,BEN,2002,50.46727
Benin,BEN,2003,50.76971
Benin,BEN,2004,51.10997
Benin,BEN,2005,51.39741
Benin,BEN,2006,51.67995
Benin,BEN,2007,51.93825
Benin,BEN,2008,52.47686
Benin,BEN,2009,52.95739
Benin,BEN,2010,53.23814
Benin,BEN,2011,53.49516
Benin,BEN,2012,53.75976
Benin,BEN,2013,54.06689
Benin,BEN,2014,54.32969
Benin,BEN,2015,54.57889
Benin,BEN,2016,54.90478
Benin,BEN,2017,55.20317
Benin,BEN,2018,55.53356
Benin,BEN,2019,55.87127
Benin,BEN,2020,56.06611
Benin,BEN,2021,55.71581
Bhutan,BTN,2000,57.24386
Bhutan,BTN,2001,58.2362
Bhutan,BTN,2002,58.80103
Bhutan,BTN,2003,59.27352
Bhutan,BTN,2004,59.71108
Bhutan,BTN,2005,60.13572
Bhutan,BTN,2006,60.64008
Bhutan,BTN,2007,61.09336
Bhutan,BTN,2008,61.47416
Bhutan,BTN,2009,61.79672
Bhutan,BTN,2010,62.19536
Bhutan,BTN,2011,62.54103
Bhutan,BTN,2012,62.82743
Bhutan,BTN,2013,63.06192
Bhutan,BTN,2014,63.23381
Bhutan,BTN,2015,63.37871
Bhutan,BTN,2016,63.56485
Bhutan,BTN,2017,63.79694
Bhutan,BTN,2018,63.98073
Bhutan,BTN,2019,64.13497
Bhutan,BTN,2020,64.46807
Bhutan,BTN,2021,64.80463
Bolivia,BOL,2000,57.77192
Bolivia,BOL,2001,58.32687
Bolivia,BOL,2002,58.71116
Bolivia,BOL,2003,59.18226
Bolivia,BOL,2004,59.64658
Bolivia,BOL,2005,60.03288
Bolivia,BOL,2006,60.40343
Bolivia,BOL,2007,60.68347
Bolivia,BOL,2008,60.96613
Bolivia,BOL,2009,61.27765
Bolivia,BOL,2010,61.53712
Bolivia,BOL,2011,61.79347
Bolivia,BOL,2012,62.06466
Bolivia,BOL,2013,62.32089
Bolivia,BOL,2014,62.58112
Bolivia,BOL,2015,62.83454
Bolivia,BOL,2016,63.06134
Bolivia,BOL,2017,63.2506
Bolivia,BOL,2018,63.44896
Bolivia,BOL,2019,63.6373
Bolivia,BOL,2020,58.8075
Bolivia,BOL,2021,57.4254
Bosnia and Herzegovina,BIH,2000,65.57975
Bosnia and Herzegovina,BIH,2001,65.87728
Bosnia and Herzegovina,BIH,2002,66.06165
Bosnia and Herzegovina,BIH,2003,66.27738
Bosnia and Herzegovina,BIH,2004,66.45807
Bosnia and Herzegovina,BIH,2005,66.40154
Bosnia and Herzegovina,BIH,2006,66.6033
Bosnia and Herzegovina,BIH,2007,66.24943
Bosnia and Herzegovina,BIH,2008,66.67228
Bosnia and Herzegovina,BIH,2009,66.72193
Bosnia and Herzegovina,BIH,2010,66.88545
Bosnia and Herzegovina,BIH,2011,66.9467
Bosnia and Herzegovina,BIH,2012,67.10334
Bosnia and Herzegovina,BIH,2013,67.05615
Bosnia and Herzegovina,BIH,2014,67.03514
Bosnia and Herzegovina,BIH,2015,66.90729
Bosnia and Herzegovina,BIH,2016,67.01205
Bosnia and Herzegovina,BIH,2017,67.10889
Bosnia and Herzegovina,BIH,2018,67.16793
Bosnia and Herzegovina,BIH,2019,67.01024
Bosnia and Herzegovina,BIH,2020,65.87177
Bosnia and Herzegovina,BIH,2021,64.98582
Botswana,BWA,2000,41.30771
Botswana,BWA,2001,40.90555
Botswana,BWA,2002,41.08654
Botswana,BWA,2003,42.14691
Botswana,BWA,2004,44.02557
Botswana,BWA,2005,46.09534
Botswana,BWA,2006,47.52523
Botswana,BWA,2007,48.29148
Botswana,BWA,2008,48.69864
Botswana,BWA,2009,49.40318
Botswana,BWA,2010,50.07798
Botswana,BWA,2011,50.7533
Botswana,BWA,2012,51.84741
Botswana,BWA,2013,52.59608
Botswana,BWA,2014,53.23328
Botswana,BWA,2015,53.77956
Botswana,BWA,2016,54.53986
Botswana,BWA,2017,55.3193
Botswana,BWA,2018,55.71952
Botswana,BWA,2019,56.0523
Botswana,BWA,2020,56.29608
Botswana,BWA,2021,53.10367
Brazil,BRA,2000,60.91617
Brazil,BRA,2001,61.13984
Brazil,BRA,2002,61.302
Brazil,BRA,2003,61.49373
Brazil,BRA,2004,61.6411
Brazil,BRA,2005,62.12907
Brazil,BRA,2006,62.32624
Brazil,BRA,2007,62.61143
Brazil,BRA,2008,62.82508
Brazil,BRA,2009,63.02031
Brazil,BRA,2010,63.14579
Brazil,BRA,2011,63.25101
Brazil,BRA,2012,63.48119
Brazil,BRA,2013,63.63056
Brazil,BRA,2014,63.81909
Brazil,BRA,2015,63.90503
Brazil,BRA,2016,63.79834
Brazil,BRA,2017,64.13834
Brazil,BRA,2018,64.39621
Brazil,BRA,2019,64.52507
Brazil,BRA,2020,63.27264
Brazil,BRA,2021,61.82654
Brunei,BRN,2000,66.29083
Brunei,BRN,2001,66.44576
Brunei,BRN,2002,66.62585
Brunei,BRN,2003,66.78667
Brunei,BRN,2004,66.9354
Brunei,BRN,2005,67.07768
Brunei,BRN,2006,67.16623
Brunei,BRN,2007,67.23902
Brunei,BRN,2008,67.2887
Brunei,BRN,2009,67.41169
Brunei,BRN,2010,67.47682
Brunei,BRN,2011,67.48461
Brunei,BRN,2012,67.40716
Brunei,BRN,2013,67.33817
Brunei,BRN,2014,67.2058
Brunei,BRN,2015,67.11285
Brunei,BRN,2016,66.99772
Brunei,BRN,2017,66.96491
Brunei,BRN,2018,66.94434
Brunei,BRN,2019,67.07844
Brunei,BRN,2020,67.07754
Brunei,BRN,2021,67.10358
Bulgaria,BGR,2000,62.75637
Bulgaria,BGR,2001,62.90402
Bulgaria,BGR,2002,63.14672
Bulgaria,BGR,2003,63.31794
Bulgaria,BGR,2004,63.47308
Bulgaria,BGR,2005,63.51083
Bulgaria,BGR,2006,63.64006
Bulgaria,BGR,2007,63.89689
Bulgaria,BGR,2008,64.15648
Bulgaria,BGR,2009,64.42786
Bulgaria,BGR,2010,64.52362
Bulgaria,BGR,2011,64.84956
Bulgaria,BGR,2012,65.03633
Bulgaria,BGR,2013,65.42921
Bulgaria,BGR,2014,65.15261
Bulgaria,BGR,2015,65.30075
Bulgaria,BGR,2016,65.46576
Bulgaria,BGR,2017,65.44346
Bulgaria,BGR,2018,65.54673
Bulgaria,BGR,2019,65.66691
Bulgaria,BGR,2020,64.37926
Bulgaria,BGR,2021,62.38891
Burkina Faso,BFA,2000,45.06333
Burkina Faso,BFA,2001,45.49888
Burkina Faso,BFA,2002,46.0257
Burkina Faso,BFA,2003,46.67103
Burkina Faso,BFA,2004,47.39051
Burkina Faso,BFA,2005,48.15813
Burkina Faso,BFA,2006,48.8493
Burkina Faso,BFA,2007,49.50021
Burkina Faso,BFA,2008,50.14131
Burkina Faso,BFA,2009,50.71668
Burkina Faso,BFA,2010,51.21841
Burkina Faso,BFA,2011,51.66967
Burkina Faso,BFA,2012,52.11797
Burkina Faso,BFA,2013,52.57292
Burkina Faso,BFA,2014,53.06244
Burkina Faso,BFA,2015,53.50155
Burkina Faso,BFA,2016,53.87467
Burkina Faso,BFA,2017,54.33612
Burkina Faso,BFA,2018,54.75006
Burkina Faso,BFA,2019,54.95707
Burkina Faso,BFA,2020,55.14518
Burkina Faso,BFA,2021,54.56242
Burundi,BDI,2000,38.79635
Burundi,BDI,2001,39.78857
Burundi,BDI,2002,40.81189
Burundi,BDI,2003,41.79676
Burundi,BDI,2004,43.0773
Burundi,BDI,2005,44.32195
Burundi,BDI,2006,47.78587
Burundi,BDI,2007,49.10419
Burundi,BDI,2008,50.29212
Burundi,BDI,2009,51.14687
Burundi,BDI,2010,51.94289
Burundi,BDI,2011,52.65954
Burundi,BDI,2012,53.34472
Burundi,BDI,2013,53.90851
Burundi,BDI,2014,54.38874
Burundi,BDI,2015,54.73742
Burundi,BDI,2016,55.21753
Burundi,BDI,2017,55.61668
Burundi,BDI,2018,55.93343
Burundi,BDI,2019,56.20734
Burundi,BDI,2020,56.39985
Burundi,BDI,2021,55.84414
Cambodia,KHM,2000,51.77542
Cambodia,KHM,2001,52.60065
Cambodia,KHM,2002,53.46555
Cambodia,KHM,2003,54.27504
Cambodia,KHM,2004,55.02951
Cambodia,KHM,2005,55.78037
Cambodia,KHM,2006,56.50536
Cambodia,KHM,2007,57.13598
Cambodia,KHM,2008,57.75272
Cambodia,KHM,2009,58.2562
Cambodia,KHM,2010,58.67998
Cambodia,KHM,2011,59.15056
Cambodia,KHM,2012,59.57675
Cambodia,KHM,2013,59.91932
Cambodia,KHM,2014,60.2115
Cambodia,KHM,2015,60.45329
Cambodia,KHM,2016,60.67608
Cambodia,KHM,2017,60.87513
Cambodia,KHM,2018,61.07926
Cambodia,KHM,2019,61.2542
Cambodia,KHM,2020,61.462
Cambodia,KHM,2021,60.63072
Cameroon,CMR,2000,46.13374
Cameroon,CMR,2001,46.09229
Cameroon,CMR,2002,46.11588
Cameroon,CMR,2003,46.26194
Cameroon,CMR,2004,46.69574
Cameroon,CMR,2005,47.17476
Cameroon,CMR,2006,47.53928
Cameroon,CMR,2007,47.99559
Cameroon,CMR,2008,48.63104
Cameroon,CMR,2009,49.16663
Cameroon,CMR,2010,49.6311
Cameroon,CMR,2011,50.05536
Cameroon,CMR,2012,50.52253
Cameroon,CMR,2013,50.88105
Cameroon,CMR,2014,51.14136
Cameroon,CMR,2015,51.62722
Cameroon,CMR,2016,52.32408
Cameroon,CMR,2017,53.05992
Cameroon,CMR,2018,53.69077
Cameroon,CMR,2019,54.24405
Cameroon,CMR,2020,54.36934
Cameroon,CMR,2021,54.00703
Canada,CAN,2000,68.54032
Canada,CAN,2001,68.68351
Canada,CAN,2002,68.74087
Canada,CAN,2003,68.82186
Canada,CAN,2004,68.99362
Canada,CAN,2005,69.04258
Canada,CAN,2006,69.32836
Canada,CAN,2007,69.32045
Canada,CAN,2008,69.43457
Canada,CAN,2009,69.64831
Canada,CAN,2010,69.83138
Canada,CAN,2011,70.02854
Canada,CAN,2012,70.08354
Canada,CAN,2013,70.13169
Canada,CAN,2014,70.15529
Canada,CAN,2015,70.19028
Canada,CAN,2016,70.21205
Canada,CAN,2017,70.14703
Canada,CAN,2018,70.1219
Canada,CAN,2019,70.29668
Canada,CAN,2020,69.62553
Canada,CAN,2021,69.7836
Cape Verde,CPV,2000,62.43735
Cape Verde,CPV,2001,62.68508
Cape Verde,CPV,2002,62.87019
Cape Verde,CPV,2003,63.01323
Cape Verde,CPV,2004,63.12124
Cape Verde,CPV,2005,63.28246
Cape Verde,CPV,2006,63.88252
Cape Verde,CPV,2007,63.91972
Cape Verde,CPV,2008,64.29342
Cape Verde,CPV,2009,64.33874
Cape Verde,CPV,2010,64.54709
Cape Verde,CPV,2011,64.66629
Cape Verde,CPV,2012,64.80162
Cape Verde,CPV,2013,65.01867
Cape Verde,CPV,2014,65.18583
Cape Verde,CPV,2015,65.18877
Cape Verde,CPV,2016,65.25568
Cape Verde,CPV,2017,65.31105
Cape Verde,CPV,2018,64.59636
Cape Verde,CPV,2019,64.75679
Cape Verde,CPV,2020,64.27349
Cape Verde,CPV,2021,63.76591
Central African Republic,CAF,2000,38.29821
Central African Republic,CAF,2001,38.50021
Central African Republic,CAF,2002,38.75684
Central African Republic,CAF,2003,39.12704
Central African Republic,CAF,2004,39.48166
Central African Republic,CAF,2005,39.93262
Central African Republic,CAF,2006,40.43068
Central African Republic,CAF,2007,41.07002
Central African Republic,CAF,2008,41.89261
Central African Republic,CAF,2009,42.42333
Central African Republic,CAF,2010,42.74297
Central African Republic,CAF,2011,42.99059
Central African Republic,CAF,2012,43.30782
Central African Republic,CAF,2013,42.89062
Central African Republic,CAF,2014,42.78043
Central African Republic,CAF,2015,44.29
Central African Republic,CAF,2016,44.74417
Central African Republic,CAF,2017,44.56015
Central African Republic,CAF,2018,45.29513
Central African Republic,CAF,2019,45.97231
Central African Republic,CAF,2020,45.98779
Central African Republic,CAF,2021,45.43289
Chad,TCD,2000,44.56044
Chad,TCD,2001,44.92296
Chad,TCD,2002,45.10288
Chad,TCD,2003,45.37252
Chad,TCD,2004,45.68774
Chad,TCD,2005,46.07102
Chad,TCD,2006,46.192
Chad,TCD,2007,46.95287
Chad,TCD,2008,47.3363
Chad,TCD,2009,48.01679
Chad,TCD,2010,48.4713
Chad,TCD,2011,48.87552
Chad,TCD,2012,49.26179
Chad,TCD,2013,49.63984
Chad,TCD,2014,50.04903
Chad,TCD,2015,50.39477
Chad,TCD,2016,50.8092
Chad,TCD,2017,51.08216
Chad,TCD,2018,51.40392
Chad,TCD,2019,51.77509
Chad,TCD,2020,51.5833
Chad,TCD,2021,51.51506
Chile,CHL,2000,66.26122
Chile,CHL,2001,66.2092
Chile,CHL,2002,66.61445
Chile,CHL,2003,66.65581
Chile,CHL,2004,66.69768
Chile,CHL,2005,67.01838
Chile,CHL,2006,67.38584
Chile,CHL,2007,67.46125
Chile,CHL,2008,68.03832
Chile,CHL,2009,67.95209
Chile,CHL,2010,67.86189
Chile,CHL,2011,68.3672
Chile,CHL,2012,68.38527
Chile,CHL,2013,68.53304
Chile,CHL,2014,68.59244
Chile,CHL,2015,68.71123
Chile,CHL,2016,68.95788
Chile,CHL,2017,69.11215
Chile,CHL,2018,69.32517
Chile,CHL,2019,69.37231
Chile,CHL,2020,68.34495
Chile,CHL,2021,67.6523
China,CHN,2000,63.13352
China,CHN,2001,63.40828
China,CHN,2002,63.69965
China,CHN,2003,63.9309
China,CHN,2004,64.16723
China,CHN,2005,64.60211
China,CHN,2006,65.28233
China,CHN,2007,65.75217
China,CHN,2008,65.91809
China,CHN,2009,66.27624
China,CHN,2010,66.51096
China,CHN,2011,66.81696
China,CHN,2012,67.15763
China,CHN,2013,67.43238
China,CHN,2014,67.7009
China,CHN,2015,67.93293
China,CHN,2016,68.08086
China,CHN,2017,68.22865
China,CHN,2018,68.34466
China,CHN,2019,68.45296
China,CHN,2020,68.51324
China,CHN,2021,68.58452
Colombia,COL,2000,63.31689
Colombia,COL,2001,63.40642
Colombia,COL,2002,63.56518
Colombia,COL,2003,64.18802
Colombia,COL,2004,64.53228
Colombia,COL,2005,64.91937
Colombia,COL,2006,65.14866
Colombia,COL,2007,65.57329
Colombia,COL,2008,65.78102
Colombia,COL,2009,66.05374
Colombia,COL,2010,66.24508
Colombia,COL,2011,66.81986
Colombia,COL,2012,67.04399
Colombia,COL,2013,67.28848
Colombia,COL,2014,67.43828
Colombia,COL,2015,67.44898
Colombia,COL,2016,67.62396
Colombia,COL,2017,67.79425
Colombia,COL,2018,67.80176
Colombia,COL,2019,67.90056
Colombia,COL,2020,66.36999
Colombia,COL,2021,65.02156
Comoros,COM,2000,54.29057
Comoros,COM,2001,54.85525
Comoros,COM,2002,55.24747
Comoros,COM,2003,55.71857
Comoros,COM,2004,56.06463
Comoros,COM,2005,56.35394
Comoros,COM,2006,56.60652
Comoros,COM,2007,56.84324
Comoros,COM,2008,57.35279
Comoros,COM,2009,57.12962
Comoros,COM,2010,57.9237
Comoros,COM,2011,57.81647
Comoros,COM,2012,58.30751
Comoros,COM,2013,58.58802
Comoros,COM,2014,58.89285
Comoros,COM,2015,59.19985
Comoros,COM,2016,59.43349
Comoros,COM,2017,59.53777
Comoros,COM,2018,59.84252
Comoros,COM,2019,59.75616
Comoros,COM,2020,59.89825
Comoros,COM,2021,59.01939
Congo,COG,2000,45.52696
Congo,COG,2001,46.27909
Congo,COG,2002,46.8624
Congo,COG,2003,47.46812
Congo,COG,2004,48.24409
Congo,COG,2005,49.18554
Congo,COG,2006,50.05873
Congo,COG,2007,50.70709
Congo,COG,2008,51.55197
Congo,COG,2009,52.30076
Congo,COG,2010,52.75414
Congo,COG,2011,53.20388
Congo,COG,2012,53.29987
Congo,COG,2013,53.49832
Congo,COG,2014,53.70301
Congo,COG,2015,54.06948
Congo,COG,2016,54.5027
Congo,COG,2017,54.74031
Congo,COG,2018,54.92944
Congo,COG,2019,54.67024
Congo,COG,2020,55.06772
Congo,COG,2021,54.83574
Costa Rica,CRI,2000,67.83184
Costa Rica,CRI,2001,67.74772
Costa Rica,CRI,2002,68.27838
Costa Rica,CRI,2003,68.1606
Costa Rica,CRI,2004,68.13053
Costa Rica,CRI,2005,68.87793
Costa Rica,CRI,2006,68.57461
Costa Rica,CRI,2007,69.22516
Costa Rica,CRI,2008,69.24768
Costa Rica,CRI,2009,69.47755
Costa Rica,CRI,2010,68.63828
Costa Rica,CRI,2011,69.18763
Costa Rica,CRI,2012,69.29499
Costa Rica,CRI,2013,69.4071
Costa Rica,CRI,2014,69.32897
Costa Rica,CRI,2015,69.38444
Costa Rica,CRI,2016,69.03857
Costa Rica,CRI,2017,69.11886
Costa Rica,CRI,2018,69.18392
Costa Rica,CRI,2019,69.21303
Costa Rica,CRI,2020,68.80789
Costa Rica,CRI,2021,67.63482
Cote d'Ivoire,CIV,2000,44.52011
Cote d'Ivoire,CIV,2001,44.81736
Cote d'Ivoire,CIV,2002,45.09539
Cote d'Ivoire,CIV,2003,45.46251
Cote d'Ivoire,CIV,2004,46.00144
Cote d'Ivoire,CIV,2005,46.905
Cote d'Ivoire,CIV,2006,47.8313
Cote d'Ivoire,CIV,2007,48.55483
Cote d'Ivoire,CIV,2008,49.30711
Cote d'Ivoire,CIV,2009,49.85467
Cote d'Ivoire,CIV,2010,50.00053
Cote d'Ivoire,CIV,2011,50.20756
Cote d'Ivoire,CIV,2012,51.08658
Cote d'Ivoire,CIV,2013,51.75793
Cote d'Ivoire,CIV,2014,52.42532
Cote d'Ivoire,CIV,2015,53.17792
Cote d'Ivoire,CIV,2016,53.77432
Cote d'Ivoire,CIV,2017,54.34715
Cote d'Ivoire,CIV,2018,54.90883
Cote d'Ivoire,CIV,2019,55.42386
Cote d'Ivoire,CIV,2020,55.26993
Cote d'Ivoire,CIV,2021,55.40625
Croatia,HRV,2000,65.22932
Croatia,HRV,2001,65.43496
Croatia,HRV,2002,65.47188
Croatia,HRV,2003,65.38733
Croatia,HRV,2004,65.94636
Croatia,HRV,2005,65.86097
Croatia,HRV,2006,66.27791
Croatia,HRV,2007,66.22827
Croatia,HRV,2008,66.35272
Croatia,HRV,2009,66.68096
Croatia,HRV,2010,66.9574
Croatia,HRV,2011,67.24933
Croatia,HRV,2012,67.37374
Croatia,HRV,2013,67.74426
Croatia,HRV,2014,67.91495
Croatia,HRV,2015,67.61143
Croatia,HRV,2016,68.11841
Croatia,HRV,2017,68.0294
Croatia,HRV,2018,68.18867
Croatia,HRV,2019,68.37992
Croatia,HRV,2020,67.73166
Croatia,HRV,2021,66.80262
Cuba,CUB,2000,67.02192
Cuba,CUB,2001,67.03102
Cuba,CUB,2002,67.80472
Cuba,CUB,2003,67.6182
Cuba,CUB,2004,67.66149
Cuba,CUB,2005,67.4994
Cuba,CUB,2006,68.11989
Cuba,CUB,2007,68.17213
Cuba,CUB,2008,68.02654
Cuba,CUB,2009,68.11967
Cuba,CUB,2010,67.99173
Cuba,CUB,2011,68.49445
Cuba,CUB,2012,68.4002
Cuba,CUB,2013,68.31798
Cuba,CUB,2014,68.20494
Cuba,CUB,2015,68.03092
Cuba,CUB,2016,68.18186
Cuba,CUB,2017,67.83257
Cuba,CUB,2018,67.96337
Cuba,CUB,2019,67.79739
Cuba,CUB,2020,67.69023
Cuba,CUB,2021,64.61947
Cyprus,CYP,2000,68.47465
Cyprus,CYP,2001,68.48775
Cyprus,CYP,2002,68.56935
Cyprus,CYP,2003,68.65071
Cyprus,CYP,2004,68.77071
Cyprus,CYP,2005,68.95177
Cyprus,CYP,2006,69.16862
Cyprus,CYP,2007,69.45317
Cyprus,CYP,2008,69.74662
Cyprus,CYP,2009,70.01425
Cyprus,CYP,2010,70.22308
Cyprus,CYP,2011,70.4023
Cyprus,CYP,2012,70.59103
Cyprus,CYP,2013,70.77568
Cyprus,CYP,2014,70.80595
Cyprus,CYP,2015,70.7974
Cyprus,CYP,2016,70.76185
Cyprus,CYP,2017,70.88392
Cyprus,CYP,2018,71.03408
Cyprus,CYP,2019,71.12585
Cyprus,CYP,2020,70.93252
Cyprus,CYP,2021,70.74237
Czechia,CZE,2000,65.30515
Czechia,CZE,2001,65.50554
Czechia,CZE,2002,65.5448
Czechia,CZE,2003,65.45839
Czechia,CZE,2004,65.81866
Czechia,CZE,2005,65.97157
Czechia,CZE,2006,66.41335
Czechia,CZE,2007,66.5985
Czechia,CZE,2008,66.80658
Czechia,CZE,2009,66.91298
Czechia,CZE,2010,67.11392
Czechia,CZE,2011,67.28853
Czechia,CZE,2012,67.44204
Czechia,CZE,2013,67.5609
Czechia,CZE,2014,67.98247
Czechia,CZE,2015,67.8754
Czechia,CZE,2016,68.21166
Czechia,CZE,2017,68.21886
Czechia,CZE,2018,68.29105
Czechia,CZE,2019,68.4923
Czechia,CZE,2020,67.69541
Czechia,CZE,2021,66.65716
Democratic Republic of Congo,COD,2000,45.02578
Democratic Republic of Congo,COD,2001,45.33071
Democratic Republic of Congo,COD,2002,45.54354
Democratic Republic of Congo,COD,2003,45.9215
Democratic Republic of Congo,COD,2004,46.4657
Democratic Republic of Congo,COD,2005,46.97276
Democratic Republic of Congo,COD,2006,47.47451
Democratic Republic of Congo,COD,2007,47.98275
Democratic Republic of Congo,COD,2008,48.39153
Democratic Republic of Congo,COD,2009,48.9038
Democratic Republic of Congo,COD,2010,49.46796
Democratic Republic of Congo,COD,2011,49.92491
Democratic Republic of Congo,COD,2012,50.35322
Democratic Republic of Congo,COD,2013,50.86556
Democratic Republic of Congo,COD,2014,51.38323
Democratic Republic of Congo,COD,2015,51.8316
Democratic Republic of Congo,COD,2016,52.24641
Democratic Republic of Congo,COD,2017,52.60641
Democratic Republic of Congo,COD,2018,53.1278
Democratic Republic of Congo,COD,2019,53.50114
Democratic Republic of Congo,COD,2020,53.555
Democratic Republic of Congo,COD,2021,53.20516
Denmark,DNK,2000,66.66044
Denmark,DNK,2001,66.78065
Denmark,DNK,2002,66.82752
Denmark,DNK,2003,67.10943
Denmark,DNK,2004,67.43157
Denmark,DNK,2005,67.79875
Denmark,DNK,2006,67.85613
Denmark,DNK,2007,67.93574
Denmark,DNK,2008,68.19011
Denmark,DNK,2009,68.3898
Denmark,DNK,2010,68.62299
Denmark,DNK,2011,69.02396
Denmark,DNK,2012,69.25649
Denmark,DNK,2013,69.42722
Denmark,DNK,2014,69.68612
Denmark,DNK,2015,69.7755
Denmark,DNK,2016,69.86777
Denmark,DNK,2017,70.05614
Denmark,DNK,2018,69.97451
Denmark,DNK,2019,70.31425
Denmark,DNK,2020,70.24159
Denmark,DNK,2021,70.05689
Djibouti,DJI,2000,52.3655
Djibouti,DJI,2001,52.33571
Djibouti,DJI,2002,52.35406
Djibouti,DJI,2003,52.48956
Djibouti,DJI,2004,52.58421
Djibouti,DJI,2005,52.88062
Djibouti,DJI,2006,53.00593
Djibouti,DJI,2007,53.67416
Djibouti,DJI,2008,54.03681
Djibouti,DJI,2009,54.34783
Djibouti,DJI,2010,54.6318
Djibouti,DJI,2011,54.93375
Djibouti,DJI,2012,55.29961
Djibouti,DJI,2013,55.64028
Djibouti,DJI,2014,55.97504
Djibouti,DJI,2015,56.29937
Djibouti,DJI,2016,56.69371
Djibouti,DJI,2017,57.02248
Djibouti,DJI,2018,57.34659
Djibouti,DJI,2019,57.61308
Djibouti,DJI,2020,57.39405
Djibouti,DJI,2021,56.99237
Dominican Republic,DOM,2000,63.75565
Dominican Republic,DOM,2001,63.93265
Dominican Republic,DOM,2002,63.98303
Dominican Republic,DOM,2003,63.77799
Dominican Republic,DOM,2004,63.46099
Dominican Republic,DOM,2005,63.52305
Dominican Republic,DOM,2006,63.51353
Dominican Republic,DOM,2007,63.63371
Dominican Republic,DOM,2008,63.84227
Dominican Republic,DOM,2009,64.0208
Dominican Republic,DOM,2010,64.1891
Dominican Republic,DOM,2011,64.34411
Dominican Republic,DOM,2012,64.10237
Dominican Republic,DOM,2013,63.76259
Dominican Republic,DOM,2014,63.71795
Dominican Republic,DOM,2015,63.73321
Dominican Republic,DOM,2016,63.74099
Dominican Republic,DOM,2017,63.7779
Dominican Republic,DOM,2018,63.84924
Dominican Republic,DOM,2019,64.14309
Dominican Republic,DOM,2020,63.7439
Dominican Republic,DOM,2021,63.56255
East Timor,TLS,2000,53.97963
East Timor,TLS,2001,54.52251
East Timor,TLS,2002,55.12945
East Timor,TLS,2003,55.86769
East Timor,TLS,2004,56.57515
East Timor,TLS,2005,57.17441
East Timor,TLS,2006,57.48205
East Timor,TLS,2007,57.81712
East Timor,TLS,2008,58.07439
East Timor,TLS,2009,58.18447
East Timor,TLS,2010,58.52576
East Timor,TLS,2011,58.83414
East Timor,TLS,2012,59.0423
East Timor,TLS,2013,59.13027
East Timor,TLS,2014,59.22497
East Timor,TLS,2015,59.53863
East Timor,TLS,2016,59.7216
East Timor,TLS,2017,59.81077
East Timor,TLS,2018,59.87774
East Timor,TLS,2019,59.97414
East Timor,TLS,2020,60.29598
East Timor,TLS,2021,59.53127
Eastern Mediterranean (WHO),,2000,56.68466
Eastern Mediterranean (WHO),,2001,56.85408
Eastern Mediterranean (WHO),,2002,57.06115
Eastern Mediterranean (WHO),,2003,57.11046
Eastern Mediterranean (WHO),,2004,57.42811
Eastern Mediterranean (WHO),,2005,57.48455
Eastern Mediterranean (WHO),,2006,57.86995
Eastern Mediterranean (WHO),,2007,58.13085
Eastern Mediterranean (WHO),,2008,58.43885
Eastern Mediterranean (WHO),,2009,58.69495
Eastern Mediterranean (WHO),,2010,58.88217
Eastern Mediterranean (WHO),,2011,58.92265
Eastern Mediterranean (WHO),,2012,59.08968
Eastern Mediterranean (WHO),,2013,59.42381
Eastern Mediterranean (WHO),,2014,59.43414
Eastern Mediterranean (WHO),,2015,59.53995
Eastern Mediterranean (WHO),,2016,59.76897
Eastern Mediterranean (WHO),,2017,59.98144
Eastern Mediterranean (WHO),,2018,60.23931
Eastern Mediterranean (WHO),,2019,60.52437
Eastern Mediterranean (WHO),,2020,59.45707
Eastern Mediterranean (WHO),,2021,59.03769
Ecuador,ECU,2000,63.49543
Ecuador,ECU,2001,63.87675
Ecuador,ECU,2002,63.98139
Ecuador,ECU,2003,64.58263
Ecuador,ECU,2004,64.64528
Ecuador,ECU,2005,64.49488
Ecuador,ECU,2006,64.6702
Ecuador,ECU,2007,64.94419
Ecuador,ECU,2008,64.98193
Ecuador,ECU,2009,65.3676
Ecuador,ECU,2010,65.54009
Ecuador,ECU,2011,65.87895
Ecuador,ECU,2012,66.06981
Ecuador,ECU,2013,66.53826
Ecuador,ECU,2014,66.9239
Ecuador,ECU,2015,67.13274
Ecuador,ECU,2016,67.1623
Ecuador,ECU,2017,67.28601
Ecuador,ECU,2018,67.4055
Ecuador,ECU,2019,67.61542
Ecuador,ECU,2020,63.51527
Ecuador,ECU,2021,64.34154
Egypt,EGY,2000,60.41772
Egypt,EGY,2001,60.23372
Egypt,EGY,2002,60.28185
Egypt,EGY,2003,60.27415
Egypt,EGY,2004,60.59581
Egypt,EGY,2005,60.87112
Egypt,EGY,2006,60.91774
Egypt,EGY,2007,61.0683
Egypt,EGY,2008,61.09265
Egypt,EGY,2009,61.10922
Egypt,EGY,2010,61.14776
Egypt,EGY,2011,61.33617
Egypt,EGY,2012,61.1759
Egypt,EGY,2013,61.64641
Egypt,EGY,2014,61.66408
Egypt,EGY,2015,61.3803
Egypt,EGY,2016,61.85873
Egypt,EGY,2017,62.2695
Egypt,EGY,2018,62.35036
Egypt,EGY,2019,62.5196
Egypt,EGY,2020,61.18861
Egypt,EGY,2021,60.36317
El Salvador,SLV,2000,62.01959
El Salvador,SLV,2001,62.08965
El Salvador,SLV,2002,63.28882
El Salvador,SLV,2003,63.13872
El Salvador,SLV,2004,63.29305
El Salvador,SLV,2005,63.37327
El Salvador,SLV,2006,63.59218
El Salvador,SLV,2007,63.97242
El Salvador,SLV,2008,64.21057
El Salvador,SLV,2009,63.89101
El Salvador,SLV,2010,64.38479
El Salvador,SLV,2011,64.40046
El Salvador,SLV,2012,65.00252
El Salvador,SLV,2013,64.69479
El Salvador,SLV,2014,64.01613
El Salvador,SLV,2015,63.132
El Salvador,SLV,2016,63.79822
El Salvador,SLV,2017,63.96286
El Salvador,SLV,2018,64.64978
El Salvador,SLV,2019,64.3887
El Salvador,SLV,2020,62.57984
El Salvador,SLV,2021,62.1961
Equatorial Guinea,GNQ,2000,46.59603
Equatorial Guinea,GNQ,2001,47.28122
Equatorial Guinea,GNQ,2002,47.82507
Equatorial Guinea,GNQ,2003,48.09279
Equatorial Guinea,GNQ,2004,48.50437
Equatorial Guinea,GNQ,2005,49.02238
Equatorial Guinea,GNQ,2006,49.86263
Equatorial Guinea,GNQ,2007,50.66377
Equatorial Guinea,GNQ,2008,51.28094
Equatorial Guinea,GNQ,2009,51.82472
Equatorial Guinea,GNQ,2010,52.01053
Equatorial Guinea,GNQ,2011,51.86129
Equatorial Guinea,GNQ,2012,52.08502
Equatorial Guinea,GNQ,2013,52.78911
Equatorial Guinea,GNQ,2014,53.239
Equatorial Guinea,GNQ,2015,52.91043
Equatorial Guinea,GNQ,2016,52.70724
Equatorial Guinea,GNQ,2017,53.01223
Equatorial Guinea,GNQ,2018,53.18111
Equatorial Guinea,GNQ,2019,53.16715
Equatorial Guinea,GNQ,2020,52.84874
Equatorial Guinea,GNQ,2021,53.25633
Eritrea,ERI,2000,47.68978
Eritrea,ERI,2001,48.79504
Eritrea,ERI,2002,49.29973
Eritrea,ERI,2003,49.7308
Eritrea,ERI,2004,50.15719
Eritrea,ERI,2005,50.56105
Eritrea,ERI,2006,51.10977
Eritrea,ERI,2007,51.58407
Eritrea,ERI,2008,51.89056
Eritrea,ERI,2009,52.29669
Eritrea,ERI,2010,52.64179
Eritrea,ERI,2011,53.05897
Eritrea,ERI,2012,53.45684
Eritrea,ERI,2013,53.79847
Eritrea,ERI,2014,54.22187
Eritrea,ERI,2015,54.52995
Eritrea,ERI,2016,54.85811
Eritrea,ERI,2017,55.13025
Eritrea,ERI,2018,55.40495
Eritrea,ERI,2019,55.67193
Eritrea,ERI,2020,55.74637
Eritrea,ERI,2021,55.42494
Estonia,EST,2000,61.85226
Estonia,EST,2001,61.76885
Estonia,EST,2002,62.05747
Estonia,EST,2003,62.66589
Estonia,EST,2004,62.98966
Estonia,EST,2005,63.51408
Estonia,EST,2006,63.65344
Estonia,EST,2007,63.76556
Estonia,EST,2008,64.68867
Estonia,EST,2009,65.34352
Estonia,EST,2010,66.01149
Estonia,EST,2011,66.33367
Estonia,EST,2012,66.44041
Estonia,EST,2013,66.9549
Estonia,EST,2014,67.00101
Estonia,EST,2015,67.41876
Estonia,EST,2016,67.46114
Estonia,EST,2017,67.865
Estonia,EST,2018,67.96636
Estonia,EST,2019,68.36583
Estonia,EST,2020,68.07439
Estonia,EST,2021,66.74033
Eswatini,SWZ,2000,41.41587
Eswatini,SWZ,2001,39.86598
Eswatini,SWZ,2002,38.70893
Eswatini,SWZ,2003,37.79532
Eswatini,SWZ,2004,37.15813
Eswatini,SWZ,2005,37.03601
Eswatini,SWZ,2006,37.80849
Eswatini,SWZ,2007,38.47227
Eswatini,SWZ,2008,38.99909
Eswatini,SWZ,2009,39.63951
Eswatini,SWZ,2010,40.76552
Eswatini,SWZ,2011,42.1901
Eswatini,SWZ,2012,43.05538
Eswatini,SWZ,2013,43.79643
Eswatini,SWZ,2014,44.62004
Eswatini,SWZ,2015,45.60586
Eswatini,SWZ,2016,46.46823
Eswatini,SWZ,2017,47.02422
Eswatini,SWZ,2018,47.808
Eswatini,SWZ,2019,48.65202
Eswatini,SWZ,2020,48.74467
Eswatini,SWZ,2021,47.4674
Ethiopia,ETH,2000,44.45067
Ethiopia,ETH,2001,46.18944
Ethiopia,ETH,2002,47.05511
Ethiopia,ETH,2003,47.90862
Ethiopia,ETH,2004,48.82522
Ethiopia,ETH,2005,49.85203
Ethiopia,ETH,2006,50.94521
Ethiopia,ETH,2007,52.13358
Ethiopia,ETH,2008,53.21298
Ethiopia,ETH,2009,54.19407
Ethiopia,ETH,2010,55.11564
Ethiopia,ETH,2011,55.96728
Ethiopia,ETH,2012,56.71608
Ethiopia,ETH,2013,57.38921
Ethiopia,ETH,2014,57.96438
Ethiopia,ETH,2015,58.44375
Ethiopia,ETH,2016,58.85858
Ethiopia,ETH,2017,59.27151
Ethiopia,ETH,2018,59.60971
Ethiopia,ETH,2019,59.9319
Ethiopia,ETH,2020,59.80046
Ethiopia,ETH,2021,58.82731
Europe (WHO),,2000,62.88542
Europe (WHO),,2001,63.10416
Europe (WHO),,2002,63.1639
Europe (WHO),,2003,63.26669
Europe (WHO),,2004,63.67701
Europe (WHO),,2005,63.77378
Europe (WHO),,2006,64.32283
Europe (WHO),,2007,64.6545
Europe (WHO),,2008,64.91176
Europe (WHO),,2009,65.32013
Europe (WHO),,2010,65.58082
Europe (WHO),,2011,65.98433
Europe (WHO),,2012,66.17577
Europe (WHO),,2013,66.45609
Europe (WHO),,2014,66.60886
Europe (WHO),,2015,66.73557
Europe (WHO),,2016,66.99045
Europe (WHO),,2017,67.22128
Europe (WHO),,2018,67.31812
Europe (WHO),,2019,67.58032
Europe (WHO),,2020,66.56981
Europe (WHO),,2021,65.95592
Fiji,FJI,2000,58.12834
Fiji,FJI,2001,58.53527
Fiji,FJI,2002,58.82842
Fiji,FJI,2003,58.79346
Fiji,FJI,2004,59.18065
Fiji,FJI,2005,59.15372
Fiji,FJI,2006,59.16438
Fiji,FJI,2007,59.2151
Fiji,FJI,2008,59.19175
Fiji,FJI,2009,59.38988
Fiji,FJI,2010,59.45155
Fiji,FJI,2011,59.51305
Fiji,FJI,2012,59.5845
Fiji,FJI,2013,59.66001
Fiji,FJI,2014,59.7138
Fiji,FJI,2015,59.75281
Fiji,FJI,2016,59.67347
Fiji,FJI,2017,59.74033
Fiji,FJI,2018,59.70147
Fiji,FJI,2019,59.67094
Fiji,FJI,2020,59.51169
Fiji,FJI,2021,57.69056
Finland,FIN,2000,66.86256
Finland,FIN,2001,67.14304
Finland,FIN,2002,67.20495
Finland,FIN,2003,67.38347
Finland,FIN,2004,67.55624
Finland,FIN,2005,67.73192
Finland,FIN,2006,67.93109
Finland,FIN,2007,67.98719
Finland,FIN,2008,68.26357
Finland,FIN,2009,68.40533
Finland,FIN,2010,68.56892
Finland,FIN,2011,68.91819
Finland,FIN,2012,69.05624
Finland,FIN,2013,69.34351
Finland,FIN,2014,69.55722
Finland,FIN,2015,69.84643
Finland,FIN,2016,69.81603
Finland,FIN,2017,69.9674
Finland,FIN,2018,70.04127
Finland,FIN,2019,70.18863
Finland,FIN,2020,69.98031
Finland,FIN,2021,69.92942
France,FRA,2000,67.97792
France,FRA,2001,68.03897
France,FRA,2002,68.13999
France,FRA,2003,68.11624
France,FRA,2004,68.74525
France,FRA,2005,68.75442
France,FRA,2006,69.11781
France,FRA,2007,69.33232
France,FRA,2008,69.41531
France,FRA,2009,69.55157
France,FRA,2010,69.69815
France,FRA,2011,69.96634
France,FRA,2012,70.00449
France,FRA,2013,70.19897
France,FRA,2014,70.52421
France,FRA,2015,70.2385
France,FRA,2016,70.40952
France,FRA,2017,70.50691
France,FRA,2018,70.60505
France,FRA,2019,70.71715
France,FRA,2020,70.08043
France,FRA,2021,70.08346
Gabon,GAB,2000,50.03521
Gabon,GAB,2001,50.05978
Gabon,GAB,2002,50.35741
Gabon,GAB,2003,50.52182
Gabon,GAB,2004,50.95243
Gabon,GAB,2005,51.76211
Gabon,GAB,2006,52.26633
Gabon,GAB,2007,52.58121
Gabon,GAB,2008,52.71487
Gabon,GAB,2009,53.08333
Gabon,GAB,2010,53.50988
Gabon,GAB,2011,53.82262
Gabon,GAB,2012,54.33532
Gabon,GAB,2013,54.86953
Gabon,GAB,2014,55.32161
Gabon,GAB,2015,55.53612
Gabon,GAB,2016,55.75626
Gabon,GAB,2017,55.98759
Gabon,GAB,2018,56.13899
Gabon,GAB,2019,56.37754
Gabon,GAB,2020,56.39544
Gabon,GAB,2021,56.25887
Gambia,GMB,2000,51.5123
Gambia,GMB,2001,51.72923
Gambia,GMB,2002,51.90411
Gambia,GMB,2003,52.14878
Gambia,GMB,2004,52.43148
Gambia,GMB,2005,52.74877
Gambia,GMB,2006,53.06363
Gambia,GMB,2007,53.27172
Gambia,GMB,2008,53.60345
Gambia,GMB,2009,53.91099
Gambia,GMB,2010,54.33118
Gambia,GMB,2011,54.74406
Gambia,GMB,2012,55.06823
Gambia,GMB,2013,55.27941
Gambia,GMB,2014,55.44631
Gambia,GMB,2015,55.63729
Gambia,GMB,2016,55.87104
Gambia,GMB,2017,56.1023
Gambia,GMB,2018,56.34317
Gambia,GMB,2019,56.60245
Gambia,GMB,2020,56.38126
Gambia,GMB,2021,55.84254
Georgia,GEO,2000,62.77004
Georgia,GEO,2001,63.16028
Georgia,GEO,2002,61.85492
Georgia,GEO,2003,62.61363
Georgia,GEO,2004,62.41656
Georgia,GEO,2005,63.52558
Georgia,GEO,2006,63.52145
Georgia,GEO,2007,63.92307
Georgia,GEO,2008,63.19825
Georgia,GEO,2009,62.94062
Georgia,GEO,2010,63.35243
Georgia,GEO,2011,63.45705
Georgia,GEO,2012,63.62084
Georgia,GEO,2013,63.93904
Georgia,GEO,2014,64.03105
Georgia,GEO,2015,64.11667
Georgia,GEO,2016,63.93229
Georgia,GEO,2017,64.59392
Georgia,GEO,2018,64.8173
Georgia,GEO,2019,64.85352
Georgia,GEO,2020,64.21869
Georgia,GEO,2021,62.47585
Germany,DEU,2000,67.4711
Germany,DEU,2001,67.70767
Germany,DEU,2002,67.71182
Germany,DEU,2003,67.6971
Germany,DEU,2004,68.09523
Germany,DEU,2005,68.227
Germany,DEU,2006,68.50944
Germany,DEU,2007,68.63474
Germany,DEU,2008,68.69739
Germany,DEU,2009,68.77449
Germany,DEU,2010,68.9009
Germany,DEU,2011,69.09885
Germany,DEU,2012,69.19733
Germany,DEU,2013,68.98199
Germany,DEU,2014,69.30059
Germany,DEU,2015,69.05746
Germany,DEU,2016,69.22964
Germany,DEU,2017,69.29019
Germany,DEU,2018,69.21479
Germany,DEU,2019,69.44498
Germany,DEU,2020,69.24162
Germany,DEU,2021,68.93389
Ghana,GHA,2000,51.72943
Ghana,GHA,2001,51.81764
Ghana,GHA,2002,51.99032
Ghana,GHA,2003,52.20624
Ghana,GHA,2004,52.44722
Ghana,GHA,2005,52.69056
Ghana,GHA,2006,52.93891
Ghana,GHA,2007,53.22327
Ghana,GHA,2008,53.58222
Ghana,GHA,2009,53.96327
Ghana,GHA,2010,54.35225
Ghana,GHA,2011,54.88319
Ghana,GHA,2012,55.40156
Ghana,GHA,2013,55.80165
Ghana,GHA,2014,56.16283
Ghana,GHA,2015,56.50724
Ghana,GHA,2016,56.84245
Ghana,GHA,2017,57.17992
Ghana,GHA,2018,57.55482
Ghana,GHA,2019,57.94305
Ghana,GHA,2020,58.0211
Ghana,GHA,2021,57.88252
Greece,GRC,2000,67.7441
Greece,GRC,2001,68.01888
Greece,GRC,2002,68.1165
Greece,GRC,2003,68.18883
Greece,GRC,2004,68.23264
Greece,GRC,2005,68.35978
Greece,GRC,2006,68.63239
Greece,GRC,2007,68.4369
Greece,GRC,2008,68.81767
Greece,GRC,2009,68.89937
Greece,GRC,2010,69.0779
Greece,GRC,2011,69.21048
Greece,GRC,2012,69.20302
Greece,GRC,2013,69.67012
Greece,GRC,2014,69.77533
Greece,GRC,2015,69.4983
Greece,GRC,2016,69.70272
Greece,GRC,2017,69.70005
Greece,GRC,2018,69.92857
Greece,GRC,2019,69.81574
Greece,GRC,2020,69.46652
Greece,GRC,2021,68.55282
Grenada,GRD,2000,62.63843
Grenada,GRD,2001,62.59668
Grenada,GRD,2002,62.28022
Grenada,GRD,2003,62.07589
Grenada,GRD,2004,61.74725
Grenada,GRD,2005,61.95211
Grenada,GRD,2006,62.14724
Grenada,GRD,2007,62.22146
Grenada,GRD,2008,62.12672
Grenada,GRD,2009,62.12245
Grenada,GRD,2010,62.21607
Grenada,GRD,2011,62.96334
Grenada,GRD,2012,63.37104
Grenada,GRD,2013,63.32586
Grenada,GRD,2014,63.26514
Grenada,GRD,2015,63.259
Grenada,GRD,2016,63.20691
Grenada,GRD,2017,63.28957
Grenada,GRD,2018,63.41104
Grenada,GRD,2019,63.36418
Grenada,GRD,2020,65.21547
Grenada,GRD,2021,63.16201
Guatemala,GTM,2000,58.70171
Guatemala,GTM,2001,58.99601
Guatemala,GTM,2002,59.53458
Guatemala,GTM,2003,59.58015
Guatemala,GTM,2004,59.7985
Guatemala,GTM,2005,59.52997
Guatemala,GTM,2006,59.96349
Guatemala,GTM,2007,60.61906
Guatemala,GTM,2008,60.88999
Guatemala,GTM,2009,60.78319
Guatemala,GTM,2010,60.99414
Guatemala,GTM,2011,61.39007
Guatemala,GTM,2012,61.70784
Guatemala,GTM,2013,61.62747
Guatemala,GTM,2014,61.84213
Guatemala,GTM,2015,61.91807
Guatemala,GTM,2016,62.0834
Guatemala,GTM,2017,62.468
Guatemala,GTM,2018,62.52174
Guatemala,GTM,2019,62.53652
Guatemala,GTM,2020,61.05037
Guatemala,GTM,2021,59.25328
Guinea,GIN,2000,47.42822
Guinea,GIN,2001,47.84632
Guinea,GIN,2002,48.29956
Guinea,GIN,2003,48.70034
Guinea,GIN,2004,49.04868
Guinea,GIN,2005,49.40792
Guinea,GIN,2006,49.75467
Guinea,GIN,2007,50.0251
Guinea,GIN,2008,50.35072
Guinea,GIN,2009,50.62593
Guinea,GIN,2010,50.97591
Guinea,GIN,2011,51.26526
Guinea,GIN,2012,51.53863
Guinea,GIN,2013,51.76732
Guinea,GIN,2014,51.37812
Guinea,GIN,2015,51.88289
Guinea,GIN,2016,52.42116
Guinea,GIN,2017,52.76736
Guinea,GIN,2018,53.11118
Guinea,GIN,2019,53.50947
Guinea,GIN,2020,53.43719
Guinea,GIN,2021,53.42626
Guinea-Bissau,GNB,2000,43.94544
Guinea-Bissau,GNB,2001,44.34612
Guinea-Bissau,GNB,2002,44.74917
Guinea-Bissau,GNB,2003,45.15184
Guinea-Bissau,GNB,2004,45.50202
Guinea-Bissau,GNB,2005,45.91327
Guinea-Bissau,GNB,2006,46.37358
Guinea-Bissau,GNB,2007,46.99557
Guinea-Bissau,GNB,2008,47.61976
Guinea-Bissau,GNB,2009,48.06445
Guinea-Bissau,GNB,2010,48.59483
Guinea-Bissau,GNB,2011,49.11595
Guinea-Bissau,GNB,2012,49.55315
Guinea-Bissau,GNB,2013,49.93657
Guinea-Bissau,GNB,2014,50.1663
Guinea-Bissau,GNB,2015,50.50985
Guinea-Bissau,GNB,2016,50.9069
Guinea-Bissau,GNB,2017,51.21774
Guinea-Bissau,GNB,2018,51.46903
Guinea-Bissau,GNB,2019,51.80933
Guinea-Bissau,GNB,2020,51.21711
Guinea-Bissau,GNB,2021,51.45037
Guyana,GUY,2000,55.94767
Guyana,GUY,2001,55.97977
Guyana,GUY,2002,55.97056
Guyana,GUY,2003,56.02336
Guyana,GUY,2004,56.16766
Guyana,GUY,2005,56.31056
Guyana,GUY,2006,56.50695
Guyana,GUY,2007,56.78576
Guyana,GUY,2008,56.82897
Guyana,GUY,2009,57.09213
Guyana,GUY,2010,57.12584
Guyana,GUY,2011,57.11146
Guyana,GUY,2012,57.13519
Guyana,GUY,2013,57.18919
Guyana,GUY,2014,57.43565
Guyana,GUY,2015,57.75164
Guyana,GUY,2016,58.22558
Guyana,GUY,2017,58.69897
Guyana,GUY,2018,59.12681
Guyana,GUY,2019,59.14236
Guyana,GUY,2020,57.65944
Guyana,GUY,2021,56.82071
Haiti,HTI,2000,49.15635
Haiti,HTI,2001,49.5229
Haiti,HTI,2002,49.9304
Haiti,HTI,2003,50.25532
Haiti,HTI,2004,49.97216
Haiti,HTI,2005,50.91824
Haiti,HTI,2006,51.46997
Haiti,HTI,2007,52.04779
Haiti,HTI,2008,52.4623
Haiti,HTI,2009,52.94326
Haiti,HTI,2010,35.27476
Haiti,HTI,2011,52.85756
Haiti,HTI,2012,53.20168
Haiti,HTI,2013,53.51628
Haiti,HTI,2014,53.78457
Haiti,HTI,2015,53.9998
Haiti,HTI,2016,54.24771
Haiti,HTI,2017,54.63706
Haiti,HTI,2018,54.83311
Haiti,HTI,2019,54.99784
Haiti,HTI,2020,54.73509
Haiti,HTI,2021,53.9362
Honduras,HND,2000,60.74748
Honduras,HND,2001,60.88005
Honduras,HND,2002,61.01734
Honduras,HND,2003,61.10642
Honduras,HND,2004,61.23103
Honduras,HND,2005,61.39807
Honduras,HND,2006,61.55737
Honduras,HND,2007,61.71162
Honduras,HND,2008,61.74557
Honduras,HND,2009,61.76763
Honduras,HND,2010,61.67059
Honduras,HND,2011,61.60675
Honduras,HND,2012,60.28448
Honduras,HND,2013,60.59044
Honduras,HND,2014,60.74285
Honduras,HND,2015,60.75913
Honduras,HND,2016,62.05365
Honduras,HND,2017,62.21166
Honduras,HND,2018,62.24685
Honduras,HND,2019,62.34941
Honduras,HND,2020,61.29583
Honduras,HND,2021,60.04648
Hungary,HUN,2000,62.21535
Hungary,HUN,2001,63.01805
Hungary,HUN,2002,63.12581
Hungary,HUN,2003,63.15961
Hungary,HUN,2004,63.50382
Hungary,HUN,2005,63.54277
Hungary,HUN,2006,63.95809
Hungary,HUN,2007,64.05615
Hungary,HUN,2008,64.49912
Hungary,HUN,2009,64.70375
Hungary,HUN,2010,64.99801
Hungary,HUN,2011,65.27843
Hungary,HUN,2012,65.48444
Hungary,HUN,2013,65.87727
Hungary,HUN,2014,66.04036
Hungary,HUN,2015,65.92233
Hungary,HUN,2016,66.31688
Hungary,HUN,2017,66.23063
Hungary,HUN,2018,66.39568
Hungary,HUN,2019,66.59236
Hungary,HUN,2020,66.09802
Hungary,HUN,2021,64.83879
Iceland,ISL,2000,69.14268
Iceland,ISL,2001,69.37082
Iceland,ISL,2002,69.60558
Iceland,ISL,2003,69.816
Iceland,ISL,2004,69.97179
Iceland,ISL,2005,70.07864
Iceland,ISL,2006,70.1959
Iceland,ISL,2007,70.29306
Iceland,ISL,2008,70.41062
Iceland,ISL,2009,70.56863
Iceland,ISL,2010,70.70952
Iceland,ISL,2011,70.84841
Iceland,ISL,2012,70.95869
Iceland,ISL,2013,71.04553
Iceland,ISL,2014,71.08426
Iceland,ISL,2015,71.1189
Iceland,ISL,2016,71.16036
Iceland,ISL,2017,71.25044
Iceland,ISL,2018,71.33109
Iceland,ISL,2019,71.39375
Iceland,ISL,2020,71.36481
Iceland,ISL,2021,71.37049
India,IND,2000,54.12927
India,IND,2001,54.52334
India,IND,2002,54.96115
India,IND,2003,55.33752
India,IND,2004,55.74235
India,IND,2005,56.13573
India,IND,2006,56.45951
India,IND,2007,56.70251
India,IND,2008,57.02021
India,IND,2009,57.5324
India,IND,2010,57.90738
India,IND,2011,58.23393
India,IND,2012,58.56536
India,IND,2013,58.84626
India,IND,2014,59.21294
India,IND,2015,59.59041
India,IND,2016,59.94633
India,IND,2017,60.23691
India,IND,2018,60.54438
India,IND,2019,60.88253
India,IND,2020,60.35599
India,IND,2021,58.14675
Indonesia,IDN,2000,59.43293
Indonesia,IDN,2001,59.6643
Indonesia,IDN,2002,59.88175
Indonesia,IDN,2003,60.08732
Indonesia,IDN,2004,58.77031
Indonesia,IDN,2005,60.46896
Indonesia,IDN,2006,60.63277
Indonesia,IDN,2007,60.85735
Indonesia,IDN,2008,61.05418
Indonesia,IDN,2009,61.23211
Indonesia,IDN,2010,61.43112
Indonesia,IDN,2011,61.6866
Indonesia,IDN,2012,61.9198
Indonesia,IDN,2013,62.14446
Indonesia,IDN,2014,62.36331
Indonesia,IDN,2015,62.56767
Indonesia,IDN,2016,62.769
Indonesia,IDN,2017,62.955
Indonesia,IDN,2018,63.10067
Indonesia,IDN,2019,63.28937
Indonesia,IDN,2020,61.93749
Indonesia,IDN,2021,60.66925
Iran,IRN,2000,63.22965
Iran,IRN,2001,63.44762
Iran,IRN,2002,63.64418
Iran,IRN,2003,63.08729
Iran,IRN,2004,64.04738
Iran,IRN,2005,64.28621
Iran,IRN,2006,64.51941
Iran,IRN,2007,64.77156
Iran,IRN,2008,65.0179
Iran,IRN,2009,65.23975
Iran,IRN,2010,65.48195
Iran,IRN,2011,65.71721
Iran,IRN,2012,65.88941
Iran,IRN,2013,65.9831
Iran,IRN,2014,66.0754
Iran,IRN,2015,66.08471
Iran,IRN,2016,66.18349
Iran,IRN,2017,66.28955
Iran,IRN,2018,66.46614
Iran,IRN,2019,66.55531
Iran,IRN,2020,64.46497
Iran,IRN,2021,63.97516
Iraq,IRQ,2000,59.6863
Iraq,IRQ,2001,59.95354
Iraq,IRQ,2002,60.15272
Iraq,IRQ,2003,59.21287
Iraq,IRQ,2004,59.32762
Iraq,IRQ,2005,59.00026
Iraq,IRQ,2006,58.12455
Iraq,IRQ,2007,58.23294
Iraq,IRQ,2008,59.90175
Iraq,IRQ,2009,60.5763
Iraq,IRQ,2010,60.9504
Iraq,IRQ,2011,61.22202
Iraq,IRQ,2012,61.40385
Iraq,IRQ,2013,61.03774
Iraq,IRQ,2014,60.17032
Iraq,IRQ,2015,60.79074
Iraq,IRQ,2016,60.86847
Iraq,IRQ,2017,61.24936
Iraq,IRQ,2018,62.48899
Iraq,IRQ,2019,62.40584
Iraq,IRQ,2020,60.33155
Iraq,IRQ,2021,61.01582
Ireland,IRL,2000,66.32032
Ireland,IRL,2001,66.76611
Ireland,IRL,2002,67.05913
Ireland,IRL,2003,67.43753
Ireland,IRL,2004,67.66767
Ireland,IRL,2005,67.96081
Ireland,IRL,2006,68.15694
Ireland,IRL,2007,68.37414
Ireland,IRL,2008,68.54003
Ireland,IRL,2009,68.49673
Ireland,IRL,2010,69.32538
Ireland,IRL,2011,69.16683
Ireland,IRL,2012,69.28346
Ireland,IRL,2013,69.48256
Ireland,IRL,2014,69.74519
Ireland,IRL,2015,69.83869
Ireland,IRL,2016,70.03471
Ireland,IRL,2017,70.20528
Ireland,IRL,2018,70.3001
Ireland,IRL,2019,70.4792
Ireland,IRL,2020,70.10421
Ireland,IRL,2021,70.00318
Israel,ISR,2000,68.3422
Israel,ISR,2001,68.49693
Israel,ISR,2002,68.26653
Israel,ISR,2003,68.67283
Israel,ISR,2004,68.97419
Israel,ISR,2005,69.09916
Israel,ISR,2006,69.26526
Israel,ISR,2007,69.41675
Israel,ISR,2008,69.61493
Israel,ISR,2009,70.13469
Israel,ISR,2010,70.48085
Israel,ISR,2011,70.60583
Israel,ISR,2012,70.6044
Israel,ISR,2013,70.90084
Israel,ISR,2014,70.47044
Israel,ISR,2015,70.97263
Israel,ISR,2016,71.21067
Israel,ISR,2017,71.3456
Israel,ISR,2018,71.50531
Israel,ISR,2019,71.50511
Israel,ISR,2020,71.22295
Israel,ISR,2021,70.75753
Italy,ITA,2000,68.3884
Italy,ITA,2001,68.62078
Italy,ITA,2002,68.84096
Italy,ITA,2003,68.7812
Italy,ITA,2004,69.29635
Italy,ITA,2005,69.32664
Italy,ITA,2006,69.74448
Italy,ITA,2007,69.87577
Italy,ITA,2008,70.07232
Italy,ITA,2009,70.22649
Italy,ITA,2010,70.53471
Italy,ITA,2011,70.51863
Italy,ITA,2012,70.56086
Italy,ITA,2013,70.90593
Italy,ITA,2014,71.16675
Italy,ITA,2015,70.90011
Italy,ITA,2016,71.37405
Italy,ITA,2017,71.11734
Italy,ITA,2018,71.27294
Italy,ITA,2019,71.42737
Italy,ITA,2020,70.4804
Italy,ITA,2021,70.56466
Jamaica,JAM,2000,63.61315
Jamaica,JAM,2001,63.5303
Jamaica,JAM,2002,64.22638
Jamaica,JAM,2003,64.57092
Jamaica,JAM,2004,64.77659
Jamaica,JAM,2005,62.84777
Jamaica,JAM,2006,65.32469
Jamaica,JAM,2007,61.44096
Jamaica,JAM,2008,62.27502
Jamaica,JAM,2009,63.48071
Jamaica,JAM,2010,64.95496
Jamaica,JAM,2011,64.02517
Jamaica,JAM,2012,65.13634
Jamaica,JAM,2013,65.16503
Jamaica,JAM,2014,64.4237
Jamaica,JAM,2015,63.60295
Jamaica,JAM,2016,63.64015
Jamaica,JAM,2017,63.63215
Jamaica,JAM,2018,63.77895
Jamaica,JAM,2019,63.55076
Jamaica,JAM,2020,63.75282
Jamaica,JAM,2021,61.72002
Japan,JPN,2000,71.10644
Japan,JPN,2001,71.34064
Japan,JPN,2002,71.53339
Japan,JPN,2003,71.56624
Japan,JPN,2004,71.73748
Japan,JPN,2005,71.65528
Japan,JPN,2006,71.9168
Japan,JPN,2007,72.04255
Japan,JPN,2008,72.10094
Japan,JPN,2009,72.34024
Japan,JPN,2010,72.30784
Japan,JPN,2011,72.11955
Japan,JPN,2012,72.5417
Japan,JPN,2013,72.73899
Japan,JPN,2014,72.92867
Japan,JPN,2015,73.09946
Japan,JPN,2016,73.24236
Japan,JPN,2017,73.37307
Japan,JPN,2018,73.48396
Japan,JPN,2019,73.5813
Japan,JPN,2020,73.63808
Japan,JPN,2021,73.39518
Jordan,JOR,2000,63.24575
Jordan,JOR,2001,63.23596
Jordan,JOR,2002,63.4274
Jordan,JOR,2003,63.84486
Jordan,JOR,2004,63.89301
Jordan,JOR,2005,63.81543
Jordan,JOR,2006,64.15087
Jordan,JOR,2007,64.93176
Jordan,JOR,2008,65.50415
Jordan,JOR,2009,65.88205
Jordan,JOR,2010,66.13001
Jordan,JOR,2011,66.29735
Jordan,JOR,2012,66.46731
Jordan,JOR,2013,66.77714
Jordan,JOR,2014,67.12726
Jordan,JOR,2015,67.50976
Jordan,JOR,2016,67.67142
Jordan,JOR,2017,67.93338
Jordan,JOR,2018,68.26747
Jordan,JOR,2019,68.36156
Jordan,JOR,2020,66.65636
Jordan,JOR,2021,65.06664
Kazakhstan,KAZ,2000,56.36716
Kazakhstan,KAZ,2001,56.66903
Kazakhstan,KAZ,2002,56.96391
Kazakhstan,KAZ,2003,56.8188
Kazakhstan,KAZ,2004,57.09528
Kazakhstan,KAZ,2005,57.09319
Kazakhstan,KAZ,2006,57.40172
Kazakhstan,KAZ,2007,57.7418
Kazakhstan,KAZ,2008,58.8534
Kazakhstan,KAZ,2009,59.97297
Kazakhstan,KAZ,2010,60.03558
Kazakhstan,KAZ,2011,60.57143
Kazakhstan,KAZ,2012,61.05474
Kazakhstan,KAZ,2013,61.87886
Kazakhstan,KAZ,2014,62.55178
Kazakhstan,KAZ,2015,62.97452
Kazakhstan,KAZ,2016,63.32749
Kazakhstan,KAZ,2017,63.77862
Kazakhstan,KAZ,2018,63.93998
Kazakhstan,KAZ,2019,63.96789
Kazakhstan,KAZ,2020,62.47886
Kazakhstan,KAZ,2021,61.55452
Kenya,KEN,2000,47.15358
Kenya,KEN,2001,47.38391
Kenya,KEN,2002,47.64865
Kenya,KEN,2003,47.98278
Kenya,KEN,2004,48.54208
Kenya,KEN,2005,49.32928
Kenya,KEN,2006,50.27492
Kenya,KEN,2007,51.24855
Kenya,KEN,2008,52.10018
Kenya,KEN,2009,53.01941
Kenya,KEN,2010,53.72252
Kenya,KEN,2011,54.34379
Kenya,KEN,2012,54.90717
Kenya,KEN,2013,55.35963
Kenya,KEN,2014,55.82215
Kenya,KEN,2015,56.40525
Kenya,KEN,2016,57.02579
Kenya,KEN,2017,57.50908
Kenya,KEN,2018,57.88585
Kenya,KEN,2019,58.2466
Kenya,KEN,2020,58.37011
Kenya,KEN,2021,58.21708
Kiribati,KIR,2000,52.85671
Kiribati,KIR,2001,53.12548
Kiribati,KIR,2002,53.32583
Kiribati,KIR,2003,53.52049
Kiribati,KIR,2004,53.63688
Kiribati,KIR,2005,53.73235
Kiribati,KIR,2006,53.79761
Kiribati,KIR,2007,53.87236
Kiribati,KIR,2008,53.94478
Kiribati,KIR,2009,53.99265
Kiribati,KIR,2010,54.02697
Kiribati,KIR,2011,54.0669
Kiribati,KIR,2012,54.13069
Kiribati,KIR,2013,54.21379
Kiribati,KIR,2014,54.26425
Kiribati,KIR,2015,54.30666
Kiribati,KIR,2016,54.3606
Kiribati,KIR,2017,54.40602
Kiribati,KIR,2018,53.53568
Kiribati,KIR,2019,54.66306
Kiribati,KIR,2020,54.47481
Kiribati,KIR,2021,53.64988
Kuwait,KWT,2000,67.25266
Kuwait,KWT,2001,68.14367
Kuwait,KWT,2002,67.66992
Kuwait,KWT,2003,68.044
Kuwait,KWT,2004,67.81583
Kuwait,KWT,2005,67.69653
Kuwait,KWT,2006,67.80679
Kuwait,KWT,2007,68.11868
Kuwait,KWT,2008,67.49422
Kuwait,KWT,2009,68.12686
Kuwait,KWT,2010,69.03979
Kuwait,KWT,2011,69.70496
Kuwait,KWT,2012,69.62826
Kuwait,KWT,2013,69.91825
Kuwait,KWT,2014,70.02898
Kuwait,KWT,2015,69.74729
Kuwait,KWT,2016,70.54298
Kuwait,KWT,2017,70.5781
Kuwait,KWT,2018,70.79981
Kuwait,KWT,2019,70.47654
Kuwait,KWT,2020,67.66835
Kuwait,KWT,2021,67.78423
Kyrgyzstan,KGZ,2000,58.10813
Kyrgyzstan,KGZ,2001,58.71605
Kyrgyzstan,KGZ,2002,58.45964
Kyrgyzstan,KGZ,2003,58.52734
Kyrgyzstan,KGZ,2004,59.12023
Kyrgyzstan,KGZ,2005,59.21109
Kyrgyzstan,KGZ,2006,59.29382
Kyrgyzstan,KGZ,2007,59.87247
Kyrgyzstan,KGZ,2008,60.32576
Kyrgyzstan,KGZ,2009,60.85316
Kyrgyzstan,KGZ,2010,61.12046
Kyrgyzstan,KGZ,2011,61.45578
Kyrgyzstan,KGZ,2012,61.83159
Kyrgyzstan,KGZ,2013,62.45249
Kyrgyzstan,KGZ,2014,62.62988
Kyrgyzstan,KGZ,2015,63.16304
Kyrgyzstan,KGZ,2016,64.06921
Kyrgyzstan,KGZ,2017,64.19712
Kyrgyzstan,KGZ,2018,64.59431
Kyrgyzstan,KGZ,2019,64.84187
Kyrgyzstan,KGZ,2020,63.01327
Kyrgyzstan,KGZ,2021,63.42427
Laos,LAO,2000,51.73461
Laos,LAO,2001,52.27774
Laos,LAO,2002,52.90115
Laos,LAO,2003,53.40767
Laos,LAO,2004,53.87793
Laos,LAO,2005,54.41455
Laos,LAO,2006,54.97528
Laos,LAO,2007,55.53788
Laos,LAO,2008,56.06945
Laos,LAO,2009,56.61928
Laos,LAO,2010,57.17279
Laos,LAO,2011,57.70974
Laos,LAO,2012,58.14376
Laos,LAO,2013,58.54223
Laos,LAO,2014,58.95625
Laos,LAO,2015,59.34541
Laos,LAO,2016,59.73982
Laos,LAO,2017,60.0693
Laos,LAO,2018,60.34482
Laos,LAO,2019,60.5971
Laos,LAO,2020,60.93576
Laos,LAO,2021,60.4118
Latvia,LVA,2000,61.20266
Latvia,LVA,2001,60.92603
Latvia,LVA,2002,61.21441
Latvia,LVA,2003,61.65331
Latvia,LVA,2004,61.91834
Latvia,LVA,2005,61.71725
Latvia,LVA,2006,61.65886
Latvia,LVA,2007,61.99627
Latvia,LVA,2008,62.87634
Latvia,LVA,2009,63.53566
Latvia,LVA,2010,63.74809
Latvia,LVA,2011,64.37541
Latvia,LVA,2012,64.56783
Latvia,LVA,2013,64.79213
Latvia,LVA,2014,65.04527
Latvia,LVA,2015,65.36316
Latvia,LVA,2016,65.4779
Latvia,LVA,2017,65.48062
Latvia,LVA,2018,65.54893
Latvia,LVA,2019,66.02158
Latvia,LVA,2020,65.8099
Latvia,LVA,2021,63.76267
Lebanon,LBN,2000,64.99692
Lebanon,LBN,2001,65.33437
Lebanon,LBN,2002,65.62923
Lebanon,LBN,2003,65.81209
Lebanon,LBN,2004,66.03129
Lebanon,LBN,2005,66.0857
Lebanon,LBN,2006,65.74611
Lebanon,LBN,2007,66.26339
Lebanon,LBN,2008,66.26662
Lebanon,LBN,2009,66.44319
Lebanon,LBN,2010,66.55506
Lebanon,LBN,2011,66.55678
Lebanon,LBN,2012,66.60196
Lebanon,LBN,2013,66.66918
Lebanon,LBN,2014,66.69257
Lebanon,LBN,2015,66.82724
Lebanon,LBN,2016,67.09518
Lebanon,LBN,2017,67.24054
Lebanon,LBN,2018,67.49267
Lebanon,LBN,2019,67.40532
Lebanon,LBN,2020,66.00252
Lebanon,LBN,2021,63.21643
Lesotho,LSO,2000,41.81535
Lesotho,LSO,2001,42.23331
Lesotho,LSO,2002,41.99673
Lesotho,LSO,2003,40.11569
Lesotho,LSO,2004,38.5715
Lesotho,LSO,2005,37.61778
Lesotho,LSO,2006,37.38275
Lesotho,LSO,2007,38.62073
Lesotho,LSO,2008,40.2575
Lesotho,LSO,2009,41.46836
Lesotho,LSO,2010,42.42218
Lesotho,LSO,2011,42.83371
Lesotho,LSO,2012,42.73576
Lesotho,LSO,2013,42.66832
Lesotho,LSO,2014,42.44179
Lesotho,LSO,2015,42.56373
Lesotho,LSO,2016,43.51674
Lesotho,LSO,2017,44.45299
Lesotho,LSO,2018,44.87803
Lesotho,LSO,2019,45.04266
Lesotho,LSO,2020,45.08762
Lesotho,LSO,2021,44.63433
Liberia,LBR,2000,45.1085
Liberia,LBR,2001,45.65849
Liberia,LBR,2002,45.44915
Liberia,LBR,2003,45.4192
Liberia,LBR,2004,47.771
Liberia,LBR,2005,48.72921
Liberia,LBR,2006,49.6022
Liberia,LBR,2007,50.28395
Liberia,LBR,2008,50.72862
Liberia,LBR,2009,51.05374
Liberia,LBR,2010,51.36098
Liberia,LBR,2011,51.70361
Liberia,LBR,2012,52.01647
Liberia,LBR,2013,52.28916
Liberia,LBR,2014,49.73695
Liberia,LBR,2015,51.55454
Liberia,LBR,2016,53.00955
Liberia,LBR,2017,53.32797
Liberia,LBR,2018,53.68882
Liberia,LBR,2019,53.98512
Liberia,LBR,2020,53.93809
Liberia,LBR,2021,53.961
Libya,LBY,2000,64.22565
Libya,LBY,2001,63.9911
Libya,LBY,2002,63.76001
Libya,LBY,2003,63.78376
Libya,LBY,2004,64.02028
Libya,LBY,2005,64.1335
Libya,LBY,2006,64.55093
Libya,LBY,2007,64.43103
Libya,LBY,2008,64.16984
Libya,LBY,2009,64.08836
Libya,LBY,2010,64.0493
Libya,LBY,2011,61.77049
Libya,LBY,2012,63.83118
Libya,LBY,2013,64.06337
Libya,LBY,2014,62.71073
Libya,LBY,2015,62.73375
Libya,LBY,2016,62.7026
Libya,LBY,2017,63.11143
Libya,LBY,2018,63.38911
Libya,LBY,2019,63.35601
Libya,LBY,2020,62.53292
Libya,LBY,2021,62.05697
Lithuania,LTU,2000,62.55871
Lithuania,LTU,2001,62.2032
Lithuania,LTU,2002,62.38734
Lithuania,LTU,2003,62.54493
Lithuania,LTU,2004,62.60505
Lithuania,LTU,2005,62.03564
Lithuania,LTU,2006,61.87795
Lithuania,LTU,2007,61.62885
Lithuania,LTU,2008,62.38969
Lithuania,LTU,2009,63.27075
Lithuania,LTU,2010,63.50469
Lithuania,LTU,2011,63.87498
Lithuania,LTU,2012,64.1336
Lithuania,LTU,2013,64.20316
Lithuania,LTU,2014,64.72339
Lithuania,LTU,2015,64.67661
Lithuania,LTU,2016,64.96073
Lithuania,LTU,2017,65.61021
Lithuania,LTU,2018,65.83885
Lithuania,LTU,2019,66.22751
Lithuania,LTU,2020,65.08668
Lithuania,LTU,2021,64.22813
Luxembourg,LUX,2000,67.85378
Luxembourg,LUX,2001,68.01762
Luxembourg,LUX,2002,68.17877
Luxembourg,LUX,2003,68.36101
Luxembourg,LUX,2004,68.54865
Luxembourg,LUX,2005,68.79637
Luxembourg,LUX,2006,69.06069
Luxembourg,LUX,2007,69.33735
Luxembourg,LUX,2008,69.58342
Luxembourg,LUX,2009,69.86319
Luxembourg,LUX,2010,70.07276
Luxembourg,LUX,2011,70.2611
Luxembourg,LUX,2012,70.43105
Luxembourg,LUX,2013,70.69326
Luxembourg,LUX,2014,70.9248
Luxembourg,LUX,2015,71.10884
Luxembourg,LUX,2016,71.25401
Luxembourg,LUX,2017,71.37256
Luxembourg,LUX,2018,71.45785
Luxembourg,LUX,2019,71.45517
Luxembourg,LUX,2020,71.315
Luxembourg,LUX,2021,71.23441
Madagascar,MDG,2000,51.33478
Madagascar,MDG,2001,51.78986
Madagascar,MDG,2002,51.98508
Madagascar,MDG,2003,52.27563
Madagascar,MDG,2004,52.6293
Madagascar,MDG,2005,53.11845
Madagascar,MDG,2006,53.58813
Madagascar,MDG,2007,54.05163
Madagascar,MDG,2008,54.41648
Madagascar,MDG,2009,54.68421
Madagascar,MDG,2010,54.96138
Madagascar,MDG,2011,55.19192
Madagascar,MDG,2012,55.38586
Madagascar,MDG,2013,55.54406
Madagascar,MDG,2014,55.66026
Madagascar,MDG,2015,55.78696
Madagascar,MDG,2016,55.87925
Madagascar,MDG,2017,55.97143
Madagascar,MDG,2018,56.07887
Madagascar,MDG,2019,56.15948
Madagascar,MDG,2020,55.44883
Madagascar,MDG,2021,55.13702
Malawi,MWI,2000,39.00918
Malawi,MWI,2001,39.71437
Malawi,MWI,2002,40.53004
Malawi,MWI,2003,41.41333
Malawi,MWI,2004,42.29889
Malawi,MWI,2005,43.44472
Malawi,MWI,2006,44.79271
Malawi,MWI,2007,46.16682
Malawi,MWI,2008,47.65401
Malawi,MWI,2009,48.94156
Malawi,MWI,2010,49.9327
Malawi,MWI,2011,50.98246
Malawi,MWI,2012,52.12809
Malawi,MWI,2013,53.13317
Malawi,MWI,2014,53.8238
Malawi,MWI,2015,54.2527
Malawi,MWI,2016,54.59109
Malawi,MWI,2017,54.91825
Malawi,MWI,2018,55.25523
Malawi,MWI,2019,55.53671
Malawi,MWI,2020,55.70998
Malawi,MWI,2021,54.66817
Malaysia,MYS,2000,64.12973
Malaysia,MYS,2001,64.52981
Malaysia,MYS,2002,64.75799
Malaysia,MYS,2003,64.66928
Malaysia,MYS,2004,64.84761
Malaysia,MYS,2005,65.05012
Malaysia,MYS,2006,65.24164
Malaysia,MYS,2007,65.35451
Malaysia,MYS,2008,65.18995
Malaysia,MYS,2009,65.06613
Malaysia,MYS,2010,65.07916
Malaysia,MYS,2011,65.22203
Malaysia,MYS,2012,65.49192
Malaysia,MYS,2013,65.56382
Malaysia,MYS,2014,65.50002
Malaysia,MYS,2015,65.21056
Malaysia,MYS,2016,65.30067
Malaysia,MYS,2017,65.28464
Malaysia,MYS,2018,65.37381
Malaysia,MYS,2019,65.48693
Malaysia,MYS,2020,66.99997
Malaysia,MYS,2021,63.94692
Maldives,MDV,2000,61.38812
Maldives,MDV,2001,61.99541
Maldives,MDV,2002,62.6169
Maldives,MDV,2003,63.19679
Maldives,MDV,2004,63.02696
Maldives,MDV,2005,64.35747
Maldives,MDV,2006,64.80637
Maldives,MDV,2007,65.14311
Maldives,MDV,2008,65.48866
Maldives,MDV,2009,65.7966
Maldives,MDV,2010,66.07248
Maldives,MDV,2011,66.38751
Maldives,MDV,2012,66.94487
Maldives,MDV,2013,67.30624
Maldives,MDV,2014,67.70129
Maldives,MDV,2015,68.04177
Maldives,MDV,2016,68.39916
Maldives,MDV,2017,68.74164
Maldives,MDV,2018,69.1322
Maldives,MDV,2019,66.93413
Maldives,MDV,2020,67.37667
Maldives,MDV,2021,66.6742
Mali,MLI,2000,46.06433
Mali,MLI,2001,46.54001
Mali,MLI,2002,46.99599
Mali,MLI,2003,47.56831
Mali,MLI,2004,48.27835
Mali,MLI,2005,48.75974
Mali,MLI,2006,49.22795
Mali,MLI,2007,49.76898
Mali,MLI,2008,50.2174
Mali,MLI,2009,50.70003
Mali,MLI,2010,51.06296
Mali,MLI,2011,51.43213
Mali,MLI,2012,51.65389
Mali,MLI,2013,51.77769
Mali,MLI,2014,52.13842
Mali,MLI,2015,52.44205
Mali,MLI,2016,52.86429
Mali,MLI,2017,53.16341
Mali,MLI,2018,53.3909
Mali,MLI,2019,53.81375
Mali,MLI,2020,53.45345
Mali,MLI,2021,53.55715
Malta,MLT,2000,68.0211
Malta,MLT,2001,68.24093
Malta,MLT,2002,68.45091
Malta,MLT,2003,68.63827
Malta,MLT,2004,68.79217
Malta,MLT,2005,68.95007
Malta,MLT,2006,69.12439
Malta,MLT,2007,69.32469
Malta,MLT,2008,69.53152
Malta,MLT,2009,69.7576
Malta,MLT,2010,69.93144
Malta,MLT,2011,70.10968
Malta,MLT,2012,70.28809
Malta,MLT,2013,70.48986
Malta,MLT,2014,70.67904
Malta,MLT,2015,70.85408
Malta,MLT,2016,71.00176
Malta,MLT,2017,71.1254
Malta,MLT,2018,71.26524
Malta,MLT,2019,71.16284
Malta,MLT,2020,70.93989
Malta,MLT,2021,70.71279
Mauritania,MRT,2000,55.21494
Mauritania,MRT,2001,55.7019
Mauritania,MRT,2002,56.26672
Mauritania,MRT,2003,56.82851
Mauritania,MRT,2004,57.31484
Mauritania,MRT,2005,57.75134
Mauritania,MRT,2006,58.36148
Mauritania,MRT,2007,58.79432
Mauritania,MRT,2008,59.26221
Mauritania,MRT,2009,59.67526
Mauritania,MRT,2010,60.01547
Mauritania,MRT,2011,60.33129
Mauritania,MRT,2012,60.60371
Mauritania,MRT,2013,60.73336
Mauritania,MRT,2014,60.80891
Mauritania,MRT,2015,60.96323
Mauritania,MRT,2016,61.14191
Mauritania,MRT,2017,61.27797
Mauritania,MRT,2018,61.43435
Mauritania,MRT,2019,61.5949
Mauritania,MRT,2020,60.55112
Mauritania,MRT,2021,60.39312
Mauritius,MUS,2000,62.18558
Mauritius,MUS,2001,62.40761
Mauritius,MUS,2002,62.56922
Mauritius,MUS,2003,62.6663
Mauritius,MUS,2004,62.75272
Mauritius,MUS,2005,62.85224
Mauritius,MUS,2006,63.02071
Mauritius,MUS,2007,63.19787
Mauritius,MUS,2008,63.40031
Mauritius,MUS,2009,63.58296
Mauritius,MUS,2010,63.76246
Mauritius,MUS,2011,63.88768
Mauritius,MUS,2012,64.00736
Mauritius,MUS,2013,64.08928
Mauritius,MUS,2014,64.24094
Mauritius,MUS,2015,64.31887
Mauritius,MUS,2016,64.33616
Mauritius,MUS,2017,64.30643
Mauritius,MUS,2018,64.23751
Mauritius,MUS,2019,64.248
Mauritius,MUS,2020,63.80635
Mauritius,MUS,2021,63.6317
Mexico,MEX,2000,64.10141
Mexico,MEX,2001,64.36599
Mexico,MEX,2002,64.40892
Mexico,MEX,2003,64.45331
Mexico,MEX,2004,64.76302
Mexico,MEX,2005,64.69042
Mexico,MEX,2006,64.97713
Mexico,MEX,2007,65.09935
Mexico,MEX,2008,64.761
Mexico,MEX,2009,64.76591
Mexico,MEX,2010,64.64722
Mexico,MEX,2011,64.99709
Mexico,MEX,2012,65.18098
Mexico,MEX,2013,65.43016
Mexico,MEX,2014,65.44767
Mexico,MEX,2015,65.50346
Mexico,MEX,2016,65.38089
Mexico,MEX,2017,65.46614
Mexico,MEX,2018,65.50832
Mexico,MEX,2019,65.46081
Mexico,MEX,2020,61.59445
Mexico,MEX,2021,61.43518
Micronesia (country),FSM,2000,56.27807
Micronesia (country),FSM,2001,56.49364
Micronesia (country),FSM,2002,55.70039
Micronesia (country),FSM,2003,56.71822
Micronesia (country),FSM,2004,56.76882
Micronesia (country),FSM,2005,56.81121
Micronesia (country),FSM,2006,56.85807
Micronesia (country),FSM,2007,56.90553
Micronesia (country),FSM,2008,56.99096
Micronesia (country),FSM,2009,57.13403
Micronesia (country),FSM,2010,57.20881
Micronesia (country),FSM,2011,57.3142
Micronesia (country),FSM,2012,57.41451
Micronesia (country),FSM,2013,57.53005
Micronesia (country),FSM,2014,57.62075
Micronesia (country),FSM,2015,57.66984
Micronesia (country),FSM,2016,57.82828
Micronesia (country),FSM,2017,57.92765
Micronesia (country),FSM,2018,58.05987
Micronesia (country),FSM,2019,58.15153
Micronesia (country),FSM,2020,57.97486
Micronesia (country),FSM,2021,57.93119
Moldova,MDA,2000,58.01529
Moldova,MDA,2001,58.47678
Moldova,MDA,2002,58.47602
Moldova,MDA,2003,58.58052
Moldova,MDA,2004,58.95005
Moldova,MDA,2005,58.47754
Moldova,MDA,2006,59.05392
Moldova,MDA,2007,59.45955
Moldova,MDA,2008,59.9312
Moldova,MDA,2009,60.12198
Moldova,MDA,2010,59.93079
Moldova,MDA,2011,61.5531
Moldova,MDA,2012,61.91331
Moldova,MDA,2013,62.78119
Moldova,MDA,2014,62.64862
Moldova,MDA,2015,62.69942
Moldova,MDA,2016,63.25036
Moldova,MDA,2017,64.05827
Moldova,MDA,2018,64.10136
Moldova,MDA,2019,64.42798
Moldova,MDA,2020,63.39201
Moldova,MDA,2021,61.21178
Mongolia,MNG,2000,55.64321
Mongolia,MNG,2001,55.91592
Mongolia,MNG,2002,56.36776
Mongolia,MNG,2003,56.77818
Mongolia,MNG,2004,57.13197
Mongolia,MNG,2005,57.50367
Mongolia,MNG,2006,57.94088
Mongolia,MNG,2007,58.42629
Mongolia,MNG,2008,58.86477
Mongolia,MNG,2009,58.92136
Mongolia,MNG,2010,59.06483
Mongolia,MNG,2011,59.21665
Mongolia,MNG,2012,59.64089
Mongolia,MNG,2013,60.08953
Mongolia,MNG,2014,60.54107
Mongolia,MNG,2015,60.78329
Mongolia,MNG,2016,61.11199
Mongolia,MNG,2017,61.48113
Mongolia,MNG,2018,61.79001
Mongolia,MNG,2019,62.00196
Mongolia,MNG,2020,63.41106
Mongolia,MNG,2021,61.31316
Montenegro,MNE,2000,64.43112
Montenegro,MNE,2001,64.46067
Montenegro,MNE,2002,64.55459
Montenegro,MNE,2003,64.62039
Montenegro,MNE,2004,64.71909
Montenegro,MNE,2005,64.92376
Montenegro,MNE,2006,65.15575
Montenegro,MNE,2007,65.45706
Montenegro,MNE,2008,65.73795
Montenegro,MNE,2009,66.02484
Montenegro,MNE,2010,66.29244
Montenegro,MNE,2011,66.52036
Montenegro,MNE,2012,66.68864
Montenegro,MNE,2013,66.8536
Montenegro,MNE,2014,67.06839
Montenegro,MNE,2015,67.2579
Montenegro,MNE,2016,67.40795
Montenegro,MNE,2017,67.47404
Montenegro,MNE,2018,67.52668
Montenegro,MNE,2019,67.25294
Montenegro,MNE,2020,66.0726
Montenegro,MNE,2021,65.14715
Morocco,MAR,2000,60.68542
Morocco,MAR,2001,60.89225
Morocco,MAR,2002,61.10276
Morocco,MAR,2003,61.20677
Morocco,MAR,2004,61.32173
Morocco,MAR,2005,61.48318
Morocco,MAR,2006,61.64298
Morocco,MAR,2007,61.79491
Morocco,MAR,2008,62.01815
Morocco,MAR,2009,62.24419
Morocco,MAR,2010,62.41795
Morocco,MAR,2011,62.59008
Morocco,MAR,2012,62.76038
Morocco,MAR,2013,62.92438
Morocco,MAR,2014,63.06119
Morocco,MAR,2015,63.1848
Morocco,MAR,2016,63.31096
Morocco,MAR,2017,63.42348
Morocco,MAR,2018,63.48831
Morocco,MAR,2019,63.5975
Morocco,MAR,2020,62.38086
Morocco,MAR,2021,62.33965
Mozambique,MOZ,2000,43.55266
Mozambique,MOZ,2001,43.88601
Mozambique,MOZ,2002,44.11376
Mozambique,MOZ,2003,44.39565
Mozambique,MOZ,2004,44.62258
Mozambique,MOZ,2005,44.78192
Mozambique,MOZ,2006,45.01521
Mozambique,MOZ,2007,45.42142
Mozambique,MOZ,2008,45.87799
Mozambique,MOZ,2009,46.15102
Mozambique,MOZ,2010,46.18972
Mozambique,MOZ,2011,46.38167
Mozambique,MOZ,2012,46.59121
Mozambique,MOZ,2013,47.04772
Mozambique,MOZ,2014,47.73765
Mozambique,MOZ,2015,48.4459
Mozambique,MOZ,2016,49.10156
Mozambique,MOZ,2017,49.67925
Mozambique,MOZ,2018,50.17914
Mozambique,MOZ,2019,50.64744
Mozambique,MOZ,2020,50.74978
Mozambique,MOZ,2021,49.71591
Myanmar,MMR,2000,52.42012
Myanmar,MMR,2001,52.78231
Myanmar,MMR,2002,53.18356
Myanmar,MMR,2003,53.61281
Myanmar,MMR,2004,54.03129
Myanmar,MMR,2005,54.53524
Myanmar,MMR,2006,55.02826
Myanmar,MMR,2007,55.59463
Myanmar,MMR,2008,50.52095
Myanmar,MMR,2009,56.61092
Myanmar,MMR,2010,57.1823
Myanmar,MMR,2011,57.68495
Myanmar,MMR,2012,58.22745
Myanmar,MMR,2013,58.7283
Myanmar,MMR,2014,59.22982
Myanmar,MMR,2015,59.5592
Myanmar,MMR,2016,59.91968
Myanmar,MMR,2017,59.9556
Myanmar,MMR,2018,60.46783
Myanmar,MMR,2019,60.66155
Myanmar,MMR,2020,60.6857
Myanmar,MMR,2021,59.75065
Namibia,NAM,2000,46.72112
Namibia,NAM,2001,46.19284
Namibia,NAM,2002,45.68471
Namibia,NAM,2003,45.40206
Namibia,NAM,2004,45.61108
Namibia,NAM,2005,46.58907
Namibia,NAM,2006,48.10927
Namibia,NAM,2007,49.87612
Namibia,NAM,2008,51.37658
Namibia,NAM,2009,52.11934
Namibia,NAM,2010,52.65614
Namibia,NAM,2011,53.28752
Namibia,NAM,2012,53.79066
Namibia,NAM,2013,54.11986
Namibia,NAM,2014,54.17866
Namibia,NAM,2015,54.12157
Namibia,NAM,2016,54.29661
Namibia,NAM,2017,54.57007
Namibia,NAM,2018,54.96512
Namibia,NAM,2019,55.5316
Namibia,NAM,2020,55.71829
Namibia,NAM,2021,52.82296
Nepal,NPL,2000,56.05599
Nepal,NPL,2001,56.72161
Nepal,NPL,2002,56.95148
Nepal,NPL,2003,57.73609
Nepal,NPL,2004,58.04668
Nepal,NPL,2005,58.49344
Nepal,NPL,2006,58.82317
Nepal,NPL,2007,59.07611
Nepal,NPL,2008,59.29298
Nepal,NPL,2009,59.51383
Nepal,NPL,2010,59.70669
Nepal,NPL,2011,59.85892
Nepal,NPL,2012,60.04891
Nepal,NPL,2013,60.24616
Nepal,NPL,2014,60.45563
Nepal,NPL,2015,60.12382
Nepal,NPL,2016,60.81949
Nepal,NPL,2017,61.05865
Nepal,NPL,2018,61.29777
Nepal,NPL,2019,61.5275
Nepal,NPL,2020,61.09515
Nepal,NPL,2021,60.20389
Netherlands,NLD,2000,68.10179
Netherlands,NLD,2001,68.25816
Netherlands,NLD,2002,68.32505
Netherlands,NLD,2003,68.50905
Netherlands,NLD,2004,68.93659
Netherlands,NLD,2005,69.12091
Netherlands,NLD,2006,69.40119
Netherlands,NLD,2007,69.71242
Netherlands,NLD,2008,69.81742
Netherlands,NLD,2009,70.03118
Netherlands,NLD,2010,70.14411
Netherlands,NLD,2011,70.31745
Netherlands,NLD,2012,70.22065
Netherlands,NLD,2013,70.3315
Netherlands,NLD,2014,70.5206
Netherlands,NLD,2015,70.38718
Netherlands,NLD,2016,70.40965
Netherlands,NLD,2017,70.5415
Netherlands,NLD,2018,70.78647
Netherlands,NLD,2019,71.08018
Netherlands,NLD,2020,70.20019
Netherlands,NLD,2021,69.9687
New Zealand,NZL,2000,67.26789
New Zealand,NZL,2001,67.23154
New Zealand,NZL,2002,67.38944
New Zealand,NZL,2003,67.70006
New Zealand,NZL,2004,67.80049
New Zealand,NZL,2005,68.36075
New Zealand,NZL,2006,68.36335
New Zealand,NZL,2007,68.48217
New Zealand,NZL,2008,68.69817
New Zealand,NZL,2009,68.91864
New Zealand,NZL,2010,69.18614
New Zealand,NZL,2011,69.04595
New Zealand,NZL,2012,69.26669
New Zealand,NZL,2013,69.44044
New Zealand,NZL,2014,69.29686
New Zealand,NZL,2015,69.37421
New Zealand,NZL,2016,69.66776
New Zealand,NZL,2017,69.27215
New Zealand,NZL,2018,69.70693
New Zealand,NZL,2019,69.745
New Zealand,NZL,2020,70.19414
New Zealand,NZL,2021,69.98322
Nicaragua,NIC,2000,65.2911
Nicaragua,NIC,2001,65.26561
Nicaragua,NIC,2002,65.17977
Nicaragua,NIC,2003,65.13884
Nicaragua,NIC,2004,65.22078
Nicaragua,NIC,2005,65.11996
Nicaragua,NIC,2006,65.88302
Nicaragua,NIC,2007,65.67626
Nicaragua,NIC,2008,65.65341
Nicaragua,NIC,2009,65.82365
Nicaragua,NIC,2010,66.20731
Nicaragua,NIC,2011,66.1309
Nicaragua,NIC,2012,66.22468
Nicaragua,NIC,2013,66.39075
Nicaragua,NIC,2014,66.58791
Nicaragua,NIC,2015,67.15429
Nicaragua,NIC,2016,66.92869
Nicaragua,NIC,2017,67.36839
Nicaragua,NIC,2018,67.33406
Nicaragua,NIC,2019,67.68334
Nicaragua,NIC,2020,64.8071
Nicaragua,NIC,2021,64.61449
Niger,NER,2000,43.86224
Niger,NER,2001,44.449
Niger,NER,2002,45.30773
Niger,NER,2003,46.10065
Niger,NER,2004,47.03807
Niger,NER,2005,47.82654
Niger,NER,2006,48.68624
Niger,NER,2007,49.33847
Niger,NER,2008,50.09598
Niger,NER,2009,50.5851
Niger,NER,2010,50.99978
Niger,NER,2011,51.30898
Niger,NER,2012,51.6244
Niger,NER,2013,51.93351
Niger,NER,2014,52.16698
Niger,NER,2015,52.34051
Niger,NER,2016,52.52208
Niger,NER,2017,52.85653
Niger,NER,2018,53.03744
Niger,NER,2019,53.15432
Niger,NER,2020,52.95938
Niger,NER,2021,52.60992
Nigeria,NGA,2000,46.62993
Nigeria,NGA,2001,47.00828
Nigeria,NGA,2002,47.46406
Nigeria,NGA,2003,48.02993
Nigeria,NGA,2004,48.57706
Nigeria,NGA,2005,49.20868
Nigeria,NGA,2006,49.77236
Nigeria,NGA,2007,50.34947
Nigeria,NGA,2008,50.89208
Nigeria,NGA,2009,51.41381
Nigeria,NGA,2010,51.85925
Nigeria,NGA,2011,52.23027
Nigeria,NGA,2012,52.63054
Nigeria,NGA,2013,52.99041
Nigeria,NGA,2014,53.29095
Nigeria,NGA,2015,53.60164
Nigeria,NGA,2016,53.88544
Nigeria,NGA,2017,54.17267
Nigeria,NGA,2018,54.47387
Nigeria,NGA,2019,54.81296
Nigeria,NGA,2020,54.54076
Nigeria,NGA,2021,54.94979
North Korea,PRK,2000,55.87897
North Korea,PRK,2001,56.00342
North Korea,PRK,2002,56.19171
North Korea,PRK,2003,61.89351
North Korea,PRK,2004,62.03858
North Korea,PRK,2005,62.173
North Korea,PRK,2006,62.24852
North Korea,PRK,2007,62.24823
North Korea,PRK,2008,62.35476
North Korea,PRK,2009,62.43112
North Korea,PRK,2010,62.5713
North Korea,PRK,2011,62.78552
North Korea,PRK,2012,63.0219
North Korea,PRK,2013,63.2808
North Korea,PRK,2014,63.53271
North Korea,PRK,2015,63.75536
North Korea,PRK,2016,63.92894
North Korea,PRK,2017,64.17907
North Korea,PRK,2018,64.33556
North Korea,PRK,2019,64.50926
North Korea,PRK,2020,64.55898
North Korea,PRK,2021,64.73145
North Macedonia,MKD,2000,63.90062
North Macedonia,MKD,2001,64.1283
North Macedonia,MKD,2002,63.90538
North Macedonia,MKD,2003,64.17538
North Macedonia,MKD,2004,64.50284
North Macedonia,MKD,2005,64.61201
North Macedonia,MKD,2006,64.68044
North Macedonia,MKD,2007,64.57956
North Macedonia,MKD,2008,65.09479
North Macedonia,MKD,2009,65.30884
North Macedonia,MKD,2010,65.51388
North Macedonia,MKD,2011,65.62543
North Macedonia,MKD,2012,65.62949
North Macedonia,MKD,2013,65.9897
North Macedonia,MKD,2014,65.89048
North Macedonia,MKD,2015,65.96429
North Macedonia,MKD,2016,66.12889
North Macedonia,MKD,2017,66.47223
North Macedonia,MKD,2018,66.8293
North Macedonia,MKD,2019,66.65244
North Macedonia,MKD,2020,65.09201
North Macedonia,MKD,2021,63.71235
Norway,NOR,2000,67.82682
Norway,NOR,2001,68.00964
Norway,NOR,2002,68.13109
Norway,NOR,2003,68.54293
Norway,NOR,2004,68.86114
Norway,NOR,2005,69.05036
Norway,NOR,2006,69.22862
Norway,NOR,2007,69.30696
Norway,NOR,2008,69.42313
Norway,NOR,2009,69.62408
Norway,NOR,2010,69.74026
Norway,NOR,2011,69.8391
Norway,NOR,2012,70.13404
Norway,NOR,2013,70.32941
Norway,NOR,2014,70.67664
Norway,NOR,2015,70.85022
Norway,NOR,2016,70.91484
Norway,NOR,2017,71.03933
Norway,NOR,2018,71.05967
Norway,NOR,2019,71.18469
Norway,NOR,2020,71.20376
Norway,NOR,2021,71.15531
Oman,OMN,2000,62.54034
Oman,OMN,2001,62.92437
Oman,OMN,2002,63.11882
Oman,OMN,2003,63.33276
Oman,OMN,2004,63.60884
Oman,OMN,2005,63.7775
Oman,OMN,2006,63.87009
Oman,OMN,2007,63.83162
Oman,OMN,2008,63.82111
Oman,OMN,2009,63.64474
Oman,OMN,2010,63.64816
Oman,OMN,2011,63.85392
Oman,OMN,2012,64.18774
Oman,OMN,2013,64.46124
Oman,OMN,2014,64.51188
Oman,OMN,2015,64.42552
Oman,OMN,2016,64.41968
Oman,OMN,2017,64.7412
Oman,OMN,2018,65.3159
Oman,OMN,2019,65.53234
Oman,OMN,2020,64.39728
Oman,OMN,2021,63.19165
Pakistan,PAK,2000,53.19156
Pakistan,PAK,2001,53.41745
Pakistan,PAK,2002,53.63143
Pakistan,PAK,2003,53.81992
Pakistan,PAK,2004,54.07025
Pakistan,PAK,2005,53.69932
Pakistan,PAK,2006,54.57058
Pakistan,PAK,2007,54.82557
Pakistan,PAK,2008,55.05464
Pakistan,PAK,2009,55.267
Pakistan,PAK,2010,55.44776
Pakistan,PAK,2011,55.77444
Pakistan,PAK,2012,56.00246
Pakistan,PAK,2013,56.24332
Pakistan,PAK,2014,56.48169
Pakistan,PAK,2015,56.73626
Pakistan,PAK,2016,57.02191
Pakistan,PAK,2017,57.28051
Pakistan,PAK,2018,57.56252
Pakistan,PAK,2019,57.80361
Pakistan,PAK,2020,56.86689
Pakistan,PAK,2021,56.89015
Palestine,PSE,2000,60.57241
Palestine,PSE,2001,60.08416
Palestine,PSE,2002,59.47528
Palestine,PSE,2003,60.29378
Palestine,PSE,2004,60.15739
Palestine,PSE,2005,61.04579
Palestine,PSE,2006,59.89912
Palestine,PSE,2007,61.20152
Palestine,PSE,2008,59.62507
Palestine,PSE,2009,59.96403
Palestine,PSE,2010,62.65434
Palestine,PSE,2011,62.76274
Palestine,PSE,2012,62.98233
Palestine,PSE,2013,63.87967
Palestine,PSE,2014,63.86971
Palestine,PSE,2015,64.19691
Palestine,PSE,2016,64.53354
Palestine,PSE,2017,64.89038
Palestine,PSE,2018,65.08729
Palestine,PSE,2019,65.19041
Palestine,PSE,2020,64.44753
Palestine,PSE,2021,62.93464
Panama,PAN,2000,66.24573
Panama,PAN,2001,66.21097
Panama,PAN,2002,66.35877
Panama,PAN,2003,66.2813
Panama,PAN,2004,66.50883
Panama,PAN,2005,66.47903
Panama,PAN,2006,66.65226
Panama,PAN,2007,66.84536
Panama,PAN,2008,66.81103
Panama,PAN,2009,66.93339
Panama,PAN,2010,66.82755
Panama,PAN,2011,67.18398
Panama,PAN,2012,67.13797
Panama,PAN,2013,67.30647
Panama,PAN,2014,67.39496
Panama,PAN,2015,67.68368
Panama,PAN,2016,67.77023
Panama,PAN,2017,67.84166
Panama,PAN,2018,68.07904
Panama,PAN,2019,68.31231
Panama,PAN,2020,66.87675
Panama,PAN,2021,66.73553
Papua New Guinea,PNG,2000,55.57183
Papua New Guinea,PNG,2001,55.60836
Papua New Guinea,PNG,2002,55.68548
Papua New Guinea,PNG,2003,55.80948
Papua New Guinea,PNG,2004,55.88336
Papua New Guinea,PNG,2005,55.95301
Papua New Guinea,PNG,2006,56.03318
Papua New Guinea,PNG,2007,56.28017
Papua New Guinea,PNG,2008,56.50588
Papua New Guinea,PNG,2009,56.72674
Papua New Guinea,PNG,2010,56.94121
Papua New Guinea,PNG,2011,57.08254
Papua New Guinea,PNG,2012,57.20952
Papua New Guinea,PNG,2013,57.47552
Papua New Guinea,PNG,2014,57.72193
Papua New Guinea,PNG,2015,57.93622
Papua New Guinea,PNG,2016,58.0879
Papua New Guinea,PNG,2017,58.24938
Papua New Guinea,PNG,2018,58.34477
Papua New Guinea,PNG,2019,58.4748
Papua New Guinea,PNG,2020,58.21868
Papua New Guinea,PNG,2021,57.48176
Paraguay,PRY,2000,64.41242
Paraguay,PRY,2001,64.65222
Paraguay,PRY,2002,64.75498
Paraguay,PRY,2003,64.6916
Paraguay,PRY,2004,64.37704
Paraguay,PRY,2005,64.61779
Paraguay,PRY,2006,64.60058
Paraguay,PRY,2007,64.69853
Paraguay,PRY,2008,64.72202
Paraguay,PRY,2009,64.56247
Paraguay,PRY,2010,64.53704
Paraguay,PRY,2011,64.69857
Paraguay,PRY,2012,64.85477
Paraguay,PRY,2013,64.81114
Paraguay,PRY,2014,65.02737
Paraguay,PRY,2015,64.93216
Paraguay,PRY,2016,64.71716
Paraguay,PRY,2017,65.07421
Paraguay,PRY,2018,64.98378
Paraguay,PRY,2019,64.87179
Paraguay,PRY,2020,64.85424
Paraguay,PRY,2021,60.87814
Peru,PER,2000,65.41702
Peru,PER,2001,66.09935
Peru,PER,2002,66.28654
Peru,PER,2003,66.49191
Peru,PER,2004,67.017
Peru,PER,2005,67.45731
Peru,PER,2006,67.92392
Peru,PER,2007,68.39626
Peru,PER,2008,68.58711
Peru,PER,2009,68.07115
Peru,PER,2010,68.18074
Peru,PER,2011,68.53336
Peru,PER,2012,68.84228
Peru,PER,2013,69.21246
Peru,PER,2014,69.61672
Peru,PER,2015,69.88474
Peru,PER,2016,69.77768
Peru,PER,2017,69.19345
Peru,PER,2018,68.92692
Peru,PER,2019,68.41485
Peru,PER,2020,63.90066
Peru,PER,2021,62.98693
Philippines,PHL,2000,61.24676
Philippines,PHL,2001,61.03412
Philippines,PHL,2002,60.94464
Philippines,PHL,2003,61.05718
Philippines,PHL,2004,60.9493
Philippines,PHL,2005,61.02718
Philippines,PHL,2006,60.92412
Philippines,PHL,2007,61.20836
Philippines,PHL,2008,61.20741
Philippines,PHL,2009,61.10421
Philippines,PHL,2010,61.33978
Philippines,PHL,2011,61.43255
Philippines,PHL,2012,61.27802
Philippines,PHL,2013,61.20889
Philippines,PHL,2014,61.50606
Philippines,PHL,2015,61.31967
Philippines,PHL,2016,61.09122
Philippines,PHL,2017,61.39263
Philippines,PHL,2018,61.43273
Philippines,PHL,2019,61.25593
Philippines,PHL,2020,61.30163
Philippines,PHL,2021,58.7678
Poland,POL,2000,64.17042
Poland,POL,2001,64.49619
Poland,POL,2002,64.78153
Poland,POL,2003,64.89497
Poland,POL,2004,65.06751
Poland,POL,2005,65.18192
Poland,POL,2006,65.36144
Poland,POL,2007,65.4363
Poland,POL,2008,65.66071
Poland,POL,2009,65.85382
Poland,POL,2010,66.31604
Poland,POL,2011,66.57402
Poland,POL,2012,66.67029
Poland,POL,2013,66.89079
Poland,POL,2014,67.37069
Poland,POL,2015,67.26101
Poland,POL,2016,67.54125
Poland,POL,2017,67.46467
Poland,POL,2018,67.44058
Poland,POL,2019,67.55952
Poland,POL,2020,66.44288
Poland,POL,2021,65.52082
Portugal,PRT,2000,66.05021
Portugal,PRT,2001,66.30737
Portugal,PRT,2002,66.47703
Portugal,PRT,2003,66.62164
Portugal,PRT,2004,67.2043
Portugal,PRT,2005,67.12327
Portugal,PRT,2006,67.66851
Portugal,PRT,2007,67.84461
Portugal,PRT,2008,68.0398
Portugal,PRT,2009,68.20518
Portugal,PRT,2010,68.4782
Portugal,PRT,2011,68.86846
Portugal,PRT,2012,68.94101
Portugal,PRT,2013,69.26967
Portugal,PRT,2014,69.62405
Portugal,PRT,2015,69.66917
Portugal,PRT,2016,69.69095
Portugal,PRT,2017,69.88076
Portugal,PRT,2018,69.83393
Portugal,PRT,2019,70.06049
Portugal,PRT,2020,69.38736
Portugal,PRT,2021,69.51927
Puerto Rico,PRI,2000,66.19644
Puerto Rico,PRI,2001,66.18162
Puerto Rico,PRI,2002,66.83902
Puerto Rico,PRI,2003,67.04737
Puerto Rico,PRI,2004,67.11115
Puerto Rico,PRI,2005,67.20131
Puerto Rico,PRI,2006,67.53824
Puerto Rico,PRI,2007,67.72958
Puerto Rico,PRI,2008,67.89046
Puerto Rico,PRI,2009,67.82263
Puerto Rico,PRI,2010,68.30616
Puerto Rico,PRI,2011,67.9565
Puerto Rico,PRI,2012,68.51787
Puerto Rico,PRI,2013,68.55796
Puerto Rico,PRI,2014,68.95023
Puerto Rico,PRI,2015,69.41534
Puerto Rico,PRI,2016,69.21117
Puerto Rico,PRI,2017,67.785
Puerto Rico,PRI,2018,69.59551
Puerto Rico,PRI,2019,69.43609
Puerto Rico,PRI,2020,68.86192
Puerto Rico,PRI,2021,68.82376
Qatar,QAT,2000,61.7637
Qatar,QAT,2001,61.7139
Qatar,QAT,2002,61.73518
Qatar,QAT,2003,61.91508
Qatar,QAT,2004,62.11575
Qatar,QAT,2005,62.27513
Qatar,QAT,2006,62.65116
Qatar,QAT,2007,63.00842
Qatar,QAT,2008,63.38516
Qatar,QAT,2009,63.68565
Qatar,QAT,2010,64.17754
Qatar,QAT,2011,64.75578
Qatar,QAT,2012,65.25128
Qatar,QAT,2013,65.81297
Qatar,QAT,2014,66.36271
Qatar,QAT,2015,67.21862
Qatar,QAT,2016,67.51544
Qatar,QAT,2017,67.69868
Qatar,QAT,2018,67.75661
Qatar,QAT,2019,67.91359
Qatar,QAT,2020,66.63596
Qatar,QAT,2021,66.2063
Romania,ROU,2000,62.28913
Romania,ROU,2001,62.3811
Romania,ROU,2002,62.19424
Romania,ROU,2003,62.4961
Romania,ROU,2004,62.94126
Romania,ROU,2005,63.25348
Romania,ROU,2006,63.66827
Romania,ROU,2007,64.13372
Romania,ROU,2008,64.29874
Romania,ROU,2009,64.44548
Romania,ROU,2010,64.67593
Romania,ROU,2011,65.27195
Romania,ROU,2012,65.1894
Romania,ROU,2013,65.71204
Romania,ROU,2014,65.61309
Romania,ROU,2015,65.67548
Romania,ROU,2016,65.82203
Romania,ROU,2017,65.87386
Romania,ROU,2018,65.91
Romania,ROU,2019,66.17611
Romania,ROU,2020,65.02236
Romania,ROU,2021,63.84713
Russia,RUS,2000,56.7113
Russia,RUS,2001,56.68731
Russia,RUS,2002,56.55989
Russia,RUS,2003,56.51064
Russia,RUS,2004,56.87482
Russia,RUS,2005,56.94904
Russia,RUS,2006,57.99816
Russia,RUS,2007,58.76613
Russia,RUS,2008,59.10539
Russia,RUS,2009,59.74633
Russia,RUS,2010,59.994
Russia,RUS,2011,60.75641
Russia,RUS,2012,61.125
Russia,RUS,2013,61.574
Russia,RUS,2014,61.62716
Russia,RUS,2015,62.14559
Russia,RUS,2016,62.43383
Russia,RUS,2017,63.14522
Russia,RUS,2018,63.29247
Russia,RUS,2019,63.71704
Russia,RUS,2020,62.21581
Russia,RUS,2021,60.93956
Rwanda,RWA,2000,40.75846
Rwanda,RWA,2001,41.9922
Rwanda,RWA,2002,43.95358
Rwanda,RWA,2003,45.56542
Rwanda,RWA,2004,47.43644
Rwanda,RWA,2005,49.45394
Rwanda,RWA,2006,51.27409
Rwanda,RWA,2007,52.74061
Rwanda,RWA,2008,53.91099
Rwanda,RWA,2009,54.6733
Rwanda,RWA,2010,55.7733
Rwanda,RWA,2011,56.53725
Rwanda,RWA,2012,57.12656
Rwanda,RWA,2013,57.68131
Rwanda,RWA,2014,58.05218
Rwanda,RWA,2015,58.33825
Rwanda,RWA,2016,58.54678
Rwanda,RWA,2017,58.78482
Rwanda,RWA,2018,58.97197
Rwanda,RWA,2019,59.10059
Rwanda,RWA,2020,59.49526
Rwanda,RWA,2021,58.71232
Saint Lucia,LCA,2000,63.53431
Saint Lucia,LCA,2001,63.64102
Saint Lucia,LCA,2002,63.78501
Saint Lucia,LCA,2003,64.00842
Saint Lucia,LCA,2004,64.18731
Saint Lucia,LCA,2005,64.46346
Saint Lucia,LCA,2006,64.72814
Saint Lucia,LCA,2007,65.08412
Saint Lucia,LCA,2008,65.30768
Saint Lucia,LCA,2009,65.52051
Saint Lucia,LCA,2010,65.60786
Saint Lucia,LCA,2011,65.76075
Saint Lucia,LCA,2012,65.86962
Saint Lucia,LCA,2013,65.72414
Saint Lucia,LCA,2014,65.79873
Saint Lucia,LCA,2015,65.876
Saint Lucia,LCA,2016,65.75413
Saint Lucia,LCA,2017,65.71739
Saint Lucia,LCA,2018,65.70407
Saint Lucia,LCA,2019,65.70755
Saint Lucia,LCA,2020,65.23654
Saint Lucia,LCA,2021,61.762
Saint Vincent and the Grenadines,VCT,2000,62.53786
Saint Vincent and the Grenadines,VCT,2001,62.7091
Saint Vincent and the Grenadines,VCT,2002,62.78178
Saint Vincent and the Grenadines,VCT,2003,62.9615
Saint Vincent and the Grenadines,VCT,2004,63.05702
Saint Vincent and the Grenadines,VCT,2005,63.19143
Saint Vincent and the Grenadines,VCT,2006,63.4588
Saint Vincent and the Grenadines,VCT,2007,63.69779
Saint Vincent and the Grenadines,VCT,2008,63.88864
Saint Vincent and the Grenadines,VCT,2009,63.91612
Saint Vincent and the Grenadines,VCT,2010,63.84541
Saint Vincent and the Grenadines,VCT,2011,63.62917
Saint Vincent and the Grenadines,VCT,2012,63.44854
Saint Vincent and the Grenadines,VCT,2013,63.13657
Saint Vincent and the Grenadines,VCT,2014,63.2274
Saint Vincent and the Grenadines,VCT,2015,63.2585
Saint Vincent and the Grenadines,VCT,2016,63.39492
Saint Vincent and the Grenadines,VCT,2017,63.47812
Saint Vincent and the Grenadines,VCT,2018,63.54019
Saint Vincent and the Grenadines,VCT,2019,63.48513
Saint Vincent and the Grenadines,VCT,2020,63.13048
Saint Vincent and the Grenadines,VCT,2021,62.87965
Samoa,WSM,2000,61.26449
Samoa,WSM,2001,61.40567
Samoa,WSM,2002,61.55395
Samoa,WSM,2003,61.6852
Samoa,WSM,2004,61.80017
Samoa,WSM,2005,61.85297
Samoa,WSM,2006,61.98727
Samoa,WSM,2007,62.00486
Samoa,WSM,2008,62.00174
Samoa,WSM,2009,60.46265
Samoa,WSM,2010,61.94536
Samoa,WSM,2011,61.94283
Samoa,WSM,2012,61.74733
Samoa,WSM,2013,61.70796
Samoa,WSM,2014,61.60735
Samoa,WSM,2015,61.50662
Samoa,WSM,2016,61.41833
Samoa,WSM,2017,61.45672
Samoa,WSM,2018,61.52961
Samoa,WSM,2019,61.41862
Samoa,WSM,2020,61.59477
Samoa,WSM,2021,61.57028
Sao Tome and Principe,STP,2000,55.51984
Sao Tome and Principe,STP,2001,56.20285
Sao Tome and Principe,STP,2002,56.82194
Sao Tome and Principe,STP,2003,57.32085
Sao Tome and Principe,STP,2004,57.73687
Sao Tome and Principe,STP,2005,58.24528
Sao Tome and Principe,STP,2006,58.69563
Sao Tome and Principe,STP,2007,59.076
Sao Tome and Principe,STP,2008,59.46564
Sao Tome and Principe,STP,2009,60.06572
Sao Tome and Principe,STP,2010,60.42911
Sao Tome and Principe,STP,2011,60.75871
Sao Tome and Principe,STP,2012,61.07881
Sao Tome and Principe,STP,2013,61.45892
Sao Tome and Principe,STP,2014,61.76385
Sao Tome and Principe,STP,2015,62.02934
Sao Tome and Principe,STP,2016,62.3222
Sao Tome and Principe,STP,2017,62.61697
Sao Tome and Principe,STP,2018,62.77436
Sao Tome and Principe,STP,2019,62.95156
Sao Tome and Principe,STP,2020,62.5193
Sao Tome and Principe,STP,2021,62.44256
Saudi Arabia,SAU,2000,61.20843
Saudi Arabia,SAU,2001,61.41591
Saudi Arabia,SAU,2002,61.65257
Saudi Arabia,SAU,2003,61.85382
Saudi Arabia,SAU,2004,62.10013
Saudi Arabia,SAU,2005,62.279
Saudi Arabia,SAU,2006,62.44706
Saudi Arabia,SAU,2007,62.66456
Saudi Arabia,SAU,2008,63.12108
Saudi Arabia,SAU,2009,63.76993
Saudi Arabia,SAU,2010,64.49873
Saudi Arabia,SAU,2011,65.41227
Saudi Arabia,SAU,2012,66.08023
Saudi Arabia,SAU,2013,66.34698
Saudi Arabia,SAU,2014,66.31872
Saudi Arabia,SAU,2015,66.11974
Saudi Arabia,SAU,2016,66.04964
Saudi Arabia,SAU,2017,66.04917
Saudi Arabia,SAU,2018,66.08239
Saudi Arabia,SAU,2019,66.15307
Saudi Arabia,SAU,2020,65.28925
Saudi Arabia,SAU,2021,65.64451
Senegal,SEN,2000,50.95487
Senegal,SEN,2001,51.54523
Senegal,SEN,2002,51.99576
Senegal,SEN,2003,52.84384
Senegal,SEN,2004,53.52493
Senegal,SEN,2005,54.20247
Senegal,SEN,2006,54.81079
Senegal,SEN,2007,55.52399
Senegal,SEN,2008,56.13227
Senegal,SEN,2009,56.60627
Senegal,SEN,2010,56.99634
Senegal,SEN,2011,57.3616
Senegal,SEN,2012,57.66918
Senegal,SEN,2013,57.96403
Senegal,SEN,2014,58.3315
Senegal,SEN,2015,58.67316
Senegal,SEN,2016,59.01638
Senegal,SEN,2017,59.31617
Senegal,SEN,2018,59.59379
Senegal,SEN,2019,59.87235
Senegal,SEN,2020,59.63306
Senegal,SEN,2021,58.903
Serbia,SRB,2000,62.90127
Serbia,SRB,2001,63.50855
Serbia,SRB,2002,63.57033
Serbia,SRB,2003,63.68818
Serbia,SRB,2004,63.85332
Serbia,SRB,2005,63.97413
Serbia,SRB,2006,64.43212
Serbia,SRB,2007,64.59301
Serbia,SRB,2008,64.79554
Serbia,SRB,2009,64.92326
Serbia,SRB,2010,65.16462
Serbia,SRB,2011,65.39609
Serbia,SRB,2012,65.63902
Serbia,SRB,2013,65.94894
Serbia,SRB,2014,66.03831
Serbia,SRB,2015,66.02432
Serbia,SRB,2016,66.33574
Serbia,SRB,2017,66.27627
Serbia,SRB,2018,66.52429
Serbia,SRB,2019,66.55007
Serbia,SRB,2020,65.31375
Serbia,SRB,2021,63.87477
Seychelles,SYC,2000,63.68929
Seychelles,SYC,2001,63.77994
Seychelles,SYC,2002,63.70538
Seychelles,SYC,2003,63.64161
Seychelles,SYC,2004,63.78191
Seychelles,SYC,2005,63.90468
Seychelles,SYC,2006,63.89836
Seychelles,SYC,2007,63.9859
Seychelles,SYC,2008,64.14412
Seychelles,SYC,2009,64.28211
Seychelles,SYC,2010,64.4553
Seychelles,SYC,2011,64.56115
Seychelles,SYC,2012,64.52387
Seychelles,SYC,2013,64.52533
Seychelles,SYC,2014,64.45435
Seychelles,SYC,2015,64.37795
Seychelles,SYC,2016,64.3073
Seychelles,SYC,2017,64.31865
Seychelles,SYC,2018,64.29453
Seychelles,SYC,2019,64.30943
Seychelles,SYC,2020,67.09097
Seychelles,SYC,2021,64.72145
Sierra Leone,SLE,2000,43.07183
Sierra Leone,SLE,2001,44.07402
Sierra Leone,SLE,2002,44.37986
Sierra Leone,SLE,2003,44.5939
Sierra Leone,SLE,2004,44.84614
Sierra Leone,SLE,2005,45.1304
Sierra Leone,SLE,2006,45.50025
Sierra Leone,SLE,2007,45.91341
Sierra Leone,SLE,2008,46.58077
Sierra Leone,SLE,2009,47.20521
Sierra Leone,SLE,2010,47.91189
Sierra Leone,SLE,2011,48.52648
Sierra Leone,SLE,2012,49.14305
Sierra Leone,SLE,2013,49.74468
Sierra Leone,SLE,2014,48.77615
Sierra Leone,SLE,2015,49.64558
Sierra Leone,SLE,2016,51.22998
Sierra Leone,SLE,2017,51.57864
Sierra Leone,SLE,2018,52.17375
Sierra Leone,SLE,2019,52.63188
Sierra Leone,SLE,2020,52.64919
Sierra Leone,SLE,2021,53.12722
Singapore,SGP,2000,69.40961
Singapore,SGP,2001,69.88457
Singapore,SGP,2002,70.04765
Singapore,SGP,2003,70.26663
Singapore,SGP,2004,70.81444
Singapore,SGP,2005,70.98924
Singapore,SGP,2006,71.352
Singapore,SGP,2007,71.10842
Singapore,SGP,2008,71.43726
Singapore,SGP,2009,71.93213
Singapore,SGP,2010,72.09929
Singapore,SGP,2011,72.25753
Singapore,SGP,2012,72.45357
Singapore,SGP,2013,72.57422
Singapore,SGP,2014,72.75876
Singapore,SGP,2015,72.94287
Singapore,SGP,2016,73.25028
Singapore,SGP,2017,73.26215
Singapore,SGP,2018,73.49633
Singapore,SGP,2019,73.79679
Singapore,SGP,2020,73.80171
Singapore,SGP,2021,73.64695
Slovakia,SVK,2000,63.85967
Slovakia,SVK,2001,63.97561
Slovakia,SVK,2002,64.19635
Slovakia,SVK,2003,64.27151
Slovakia,SVK,2004,64.57351
Slovakia,SVK,2005,64.5622
Slovakia,SVK,2006,64.77473
Slovakia,SVK,2007,64.8624
Slovakia,SVK,2008,65.13856
Slovakia,SVK,2009,65.45413
Slovakia,SVK,2010,65.65979
Slovakia,SVK,2011,66.02536
Slovakia,SVK,2012,66.213
Slovakia,SVK,2013,66.50589
Slovakia,SVK,2014,66.79667
Slovakia,SVK,2015,66.65286
Slovakia,SVK,2016,67.08466
Slovakia,SVK,2017,67.07863
Slovakia,SVK,2018,67.17051
Slovakia,SVK,2019,67.47785
Slovakia,SVK,2020,66.88929
Slovakia,SVK,2021,64.94128
Slovenia,SVN,2000,65.98273
Slovenia,SVN,2001,66.079
Slovenia,SVN,2002,66.27693
Slovenia,SVN,2003,66.14693
Slovenia,SVN,2004,66.67206
Slovenia,SVN,2005,66.93582
Slovenia,SVN,2006,67.35339
Slovenia,SVN,2007,67.49678
Slovenia,SVN,2008,68.03515
Slovenia,SVN,2009,68.18496
Slovenia,SVN,2010,68.5674
Slovenia,SVN,2011,68.81328
Slovenia,SVN,2012,68.88434
Slovenia,SVN,2013,69.09575
Slovenia,SVN,2014,69.62202
Slovenia,SVN,2015,69.41477
Slovenia,SVN,2016,69.71732
Slovenia,SVN,2017,69.79083
Slovenia,SVN,2018,69.97784
Slovenia,SVN,2019,70.23012
Slovenia,SVN,2020,69.46578
Slovenia,SVN,2021,69.35554
Solomon Islands,SLB,2000,56.29848
Solomon Islands,SLB,2001,56.34685
Solomon Islands,SLB,2002,56.36691
Solomon Islands,SLB,2003,56.43305
Solomon Islands,SLB,2004,56.49744
Solomon Islands,SLB,2005,56.57011
Solomon Islands,SLB,2006,56.64631
Solomon Islands,SLB,2007,56.61036
Solomon Islands,SLB,2008,56.85559
Solomon Islands,SLB,2009,56.94023
Solomon Islands,SLB,2010,57.09993
Solomon Islands,SLB,2011,57.22053
Solomon Islands,SLB,2012,57.36978
Solomon Islands,SLB,2013,57.47979
Solomon Islands,SLB,2014,57.5662
Solomon Islands,SLB,2015,57.72303
Solomon Islands,SLB,2016,57.82746
Solomon Islands,SLB,2017,57.91736
Solomon Islands,SLB,2018,58.0231
Solomon Islands,SLB,2019,58.11518
Solomon Islands,SLB,2020,57.91053
Solomon Islands,SLB,2021,57.36718
Somalia,SOM,2000,43.40595
Somalia,SOM,2001,43.44348
Somalia,SOM,2002,43.5098
Somalia,SOM,2003,43.59891
Somalia,SOM,2004,43.5553
Somalia,SOM,2005,43.85363
Somalia,SOM,2006,43.88917
Somalia,SOM,2007,44.03196
Somalia,SOM,2008,44.34175
Somalia,SOM,2009,44.67375
Somalia,SOM,2010,43.79247
Somalia,SOM,2011,39.17384
Somalia,SOM,2012,44.34616
Somalia,SOM,2013,46.30964
Somalia,SOM,2014,46.83346
Somalia,SOM,2015,47.23677
Somalia,SOM,2016,47.58296
Somalia,SOM,2017,47.77852
Somalia,SOM,2018,48.19341
Somalia,SOM,2019,48.65432
Somalia,SOM,2020,48.55481
Somalia,SOM,2021,47.42339
South Africa,ZAF,2000,49.40036
South Africa,ZAF,2001,48.34495
South Africa,ZAF,2002,47.07074
South Africa,ZAF,2003,45.93864
South Africa,ZAF,2004,45.36054
South Africa,ZAF,2005,45.16339
South Africa,ZAF,2006,45.2105
South Africa,ZAF,2007,45.85226
South Africa,ZAF,2008,46.66834
South Africa,ZAF,2009,47.76768
South Africa,ZAF,2010,49.23621
South Africa,ZAF,2011,50.83901
South Africa,ZAF,2012,52.22923
South Africa,ZAF,2013,53.26841
South Africa,ZAF,2014,53.83648
South Africa,ZAF,2015,54.24537
South Africa,ZAF,2016,54.74947
South Africa,ZAF,2017,55.45014
South Africa,ZAF,2018,55.90369
South Africa,ZAF,2019,56.29404
South Africa,ZAF,2020,55.03597
South Africa,ZAF,2021,52.75708
South Korea,KOR,2000,66.55258
South Korea,KOR,2001,67.10066
South Korea,KOR,2002,67.40179
South Korea,KOR,2003,67.7675
South Korea,KOR,2004,68.14006
South Korea,KOR,2005,68.47206
South Korea,KOR,2006,68.92715
South Korea,KOR,2007,69.23425
South Korea,KOR,2008,69.6321
South Korea,KOR,2009,69.96164
South Korea,KOR,2010,70.11062
South Korea,KOR,2011,70.41507
South Korea,KOR,2012,70.55709
South Korea,KOR,2013,70.93838
South Korea,KOR,2014,71.26816
South Korea,KOR,2015,71.45147
South Korea,KOR,2016,71.71299
South Korea,KOR,2017,72.03314
South Korea,KOR,2018,72.12304
South Korea,KOR,2019,72.50022
South Korea,KOR,2020,72.49857
South Korea,KOR,2021,72.45059
South Sudan,SSD,2000,44.61005
South Sudan,SSD,2001,45.48404
South Sudan,SSD,2002,46.13973
South Sudan,SSD,2003,46.71143
South Sudan,SSD,2004,47.42739
South Sudan,SSD,2005,47.9878
South Sudan,SSD,2006,48.40387
South Sudan,SSD,2007,49.04272
South Sudan,SSD,2008,49.66625
South Sudan,SSD,2009,49.84974
South Sudan,SSD,2010,50.66756
South Sudan,SSD,2011,50.86418
South Sudan,SSD,2012,51.17685
South Sudan,SSD,2013,50.94744
South Sudan,SSD,2014,50.9933
South Sudan,SSD,2015,51.155
South Sudan,SSD,2016,51.0889
South Sudan,SSD,2017,50.83743
South Sudan,SSD,2018,50.82844
South Sudan,SSD,2019,50.95647
South Sudan,SSD,2020,50.84126
South Sudan,SSD,2021,50.53002
South-East Asia (WHO),,2000,55.34087
South-East Asia (WHO),,2001,55.73909
South-East Asia (WHO),,2002,56.1252
South-East Asia (WHO),,2003,56.55072
South-East Asia (WHO),,2004,56.69328
South-East Asia (WHO),,2005,57.29827
South-East Asia (WHO),,2006,57.61368
South-East Asia (WHO),,2007,57.88902
South-East Asia (WHO),,2008,58.04043
South-East Asia (WHO),,2009,58.65891
South-East Asia (WHO),,2010,59.01971
South-East Asia (WHO),,2011,59.38009
South-East Asia (WHO),,2012,59.73578
South-East Asia (WHO),,2013,60.02119
South-East Asia (WHO),,2014,60.34716
South-East Asia (WHO),,2015,60.68379
South-East Asia (WHO),,2016,61.00772
South-East Asia (WHO),,2017,61.26077
South-East Asia (WHO),,2018,61.53667
South-East Asia (WHO),,2019,61.82278
South-East Asia (WHO),,2020,61.22462
South-East Asia (WHO),,2021,59.36919
Spain,ESP,2000,68.88623
Spain,ESP,2001,69.12361
Spain,ESP,2002,69.18916
Spain,ESP,2003,69.12644
Spain,ESP,2004,69.52671
Spain,ESP,2005,69.53403
Spain,ESP,2006,69.98734
Spain,ESP,2007,69.97839
Spain,ESP,2008,70.18015
Spain,ESP,2009,70.4327
Spain,ESP,2010,70.69262
Spain,ESP,2011,70.77351
Spain,ESP,2012,70.875
Spain,ESP,2013,71.22327
Spain,ESP,2014,71.28222
Spain,ESP,2015,71.10599
Spain,ESP,2016,71.38142
Spain,ESP,2017,71.35132
Spain,ESP,2018,71.42041
Spain,ESP,2019,71.68926
Spain,ESP,2020,70.63087
Spain,ESP,2021,71.10702
Sri Lanka,LKA,2000,62.39599
Sri Lanka,LKA,2001,63.30093
Sri Lanka,LKA,2002,63.87509
Sri Lanka,LKA,2003,63.93344
Sri Lanka,LKA,2004,60.39278
Sri Lanka,LKA,2005,64.026
Sri Lanka,LKA,2006,63.92951
Sri Lanka,LKA,2007,64.3123
Sri Lanka,LKA,2008,63.74989
Sri Lanka,LKA,2009,63.09453
Sri Lanka,LKA,2010,64.52186
Sri Lanka,LKA,2011,65.23811
Sri Lanka,LKA,2012,65.76099
Sri Lanka,LKA,2013,65.91499
Sri Lanka,LKA,2014,66.18862
Sri Lanka,LKA,2015,66.39368
Sri Lanka,LKA,2016,66.61393
Sri Lanka,LKA,2017,66.72184
Sri Lanka,LKA,2018,66.9154
Sri Lanka,LKA,2019,67.08723
Sri Lanka,LKA,2020,69.25132
Sri Lanka,LKA,2021,66.72826
Sudan,SDN,2000,54.13362
Sudan,SDN,2001,54.54317
Sudan,SDN,2002,54.75242
Sudan,SDN,2003,55.13479
Sudan,SDN,2004,55.13444
Sudan,SDN,2005,56.14688
Sudan,SDN,2006,56.49565
Sudan,SDN,2007,56.90117
Sudan,SDN,2008,57.19769
Sudan,SDN,2009,57.48992
Sudan,SDN,2010,57.914
Sudan,SDN,2011,58.02649
Sudan,SDN,2012,58.4687
Sudan,SDN,2013,58.63424
Sudan,SDN,2014,58.92794
Sudan,SDN,2015,59.13617
Sudan,SDN,2016,59.41058
Sudan,SDN,2017,59.74433
Sudan,SDN,2018,59.92293
Sudan,SDN,2019,60.1128
Sudan,SDN,2020,59.14611
Sudan,SDN,2021,58.53979
Suriname,SUR,2000,61.38291
Suriname,SUR,2001,61.31355
Suriname,SUR,2002,61.27355
Suriname,SUR,2003,61.3337
Suriname,SUR,2004,61.55452
Suriname,SUR,2005,61.87409
Suriname,SUR,2006,62.21205
Suriname,SUR,2007,62.47756
Suriname,SUR,2008,62.56291
Suriname,SUR,2009,62.86275
Suriname,SUR,2010,62.98276
Suriname,SUR,2011,63.21533
Suriname,SUR,2012,63.38671
Suriname,SUR,2013,63.25462
Suriname,SUR,2014,63.17724
Suriname,SUR,2015,63.10279
Suriname,SUR,2016,63.16672
Suriname,SUR,2017,63.25452
Suriname,SUR,2018,63.16676
Suriname,SUR,2019,63.11979
Suriname,SUR,2020,62.76119
Suriname,SUR,2021,60.30026
Sweden,SWE,2000,69.26425
Sweden,SWE,2001,69.34414
Sweden,SWE,2002,69.44077
Sweden,SWE,2003,69.63385
Sweden,SWE,2004,69.88845
Sweden,SWE,2005,69.9559
Sweden,SWE,2006,70.09859
Sweden,SWE,2007,70.20582
Sweden,SWE,2008,70.31238
Sweden,SWE,2009,70.45845
Sweden,SWE,2010,70.57868
Sweden,SWE,2011,70.72455
Sweden,SWE,2012,70.65824
Sweden,SWE,2013,70.73608
Sweden,SWE,2014,70.90962
Sweden,SWE,2015,70.76304
Sweden,SWE,2016,70.93984
Sweden,SWE,2017,70.98175
Sweden,SWE,2018,71.05753
Sweden,SWE,2019,71.41293
Sweden,SWE,2020,70.73289
Sweden,SWE,2021,71.11832
Switzerland,CHE,2000,68.35388
Switzerland,CHE,2001,68.67027
Switzerland,CHE,2002,68.96784
Switzerland,CHE,2003,69.05999
Switzerland,CHE,2004,69.49903
Switzerland,CHE,2005,69.67394
Switzerland,CHE,2006,69.87433
Switzerland,CHE,2007,69.9883
Switzerland,CHE,2008,70.14664
Switzerland,CHE,2009,70.13482
Switzerland,CHE,2010,70.36016
Switzerland,CHE,2011,70.50295
Switzerland,CHE,2012,70.55686
Switzerland,CHE,2013,70.6364
Switzerland,CHE,2014,70.92078
Switzerland,CHE,2015,70.75695
Switzerland,CHE,2016,71.19517
Switzerland,CHE,2017,71.22012
Switzerland,CHE,2018,71.35828
Switzerland,CHE,2019,71.52508
Switzerland,CHE,2020,70.86884
Switzerland,CHE,2021,71.14916
Syria,SYR,2000,62.07814
Syria,SYR,2001,62.61195
Syria,SYR,2002,62.81018
Syria,SYR,2003,63.30019
Syria,SYR,2004,63.46816
Syria,SYR,2005,63.73421
Syria,SYR,2006,63.83764
Syria,SYR,2007,64.03411
Syria,SYR,2008,63.98134
Syria,SYR,2009,64.12272
Syria,SYR,2010,64.14295
Syria,SYR,2011,62.52939
Syria,SYR,2012,56.61263
Syria,SYR,2013,56.28825
Syria,SYR,2014,52.48813
Syria,SYR,2015,52.21319
Syria,SYR,2016,52.25705
Syria,SYR,2017,51.42557
Syria,SYR,2018,55.59815
Syria,SYR,2019,59.66443
Syria,SYR,2020,61.9546
Syria,SYR,2021,62.27065
Tajikistan,TJK,2000,57.78954
Tajikistan,TJK,2001,58.43295
Tajikistan,TJK,2002,58.98353
Tajikistan,TJK,2003,59.55856
Tajikistan,TJK,2004,59.96788
Tajikistan,TJK,2005,60.15938
Tajikistan,TJK,2006,60.47303
Tajikistan,TJK,2007,60.6783
Tajikistan,TJK,2008,61.01202
Tajikistan,TJK,2009,61.296
Tajikistan,TJK,2010,61.7599
Tajikistan,TJK,2011,62.17735
Tajikistan,TJK,2012,62.62146
Tajikistan,TJK,2013,63.23903
Tajikistan,TJK,2014,63.46527
Tajikistan,TJK,2015,63.75503
Tajikistan,TJK,2016,64.0398
Tajikistan,TJK,2017,64.41198
Tajikistan,TJK,2018,64.65984
Tajikistan,TJK,2019,64.91225
Tajikistan,TJK,2020,62.34403
Tajikistan,TJK,2021,63.0851
Tanzania,TZA,2000,45.91538
Tanzania,TZA,2001,46.57442
Tanzania,TZA,2002,47.2533
Tanzania,TZA,2003,47.95023
Tanzania,TZA,2004,48.61547
Tanzania,TZA,2005,49.39488
Tanzania,TZA,2006,50.49471
Tanzania,TZA,2007,51.83852
Tanzania,TZA,2008,52.77323
Tanzania,TZA,2009,53.33909
Tanzania,TZA,2010,53.91694
Tanzania,TZA,2011,54.41998
Tanzania,TZA,2012,55.1388
Tanzania,TZA,2013,55.97418
Tanzania,TZA,2014,56.55152
Tanzania,TZA,2015,56.95198
Tanzania,TZA,2016,57.31819
Tanzania,TZA,2017,57.6293
Tanzania,TZA,2018,57.97652
Tanzania,TZA,2019,58.31164
Tanzania,TZA,2020,58.72748
Tanzania,TZA,2021,58.07287
Thailand,THA,2000,62.20678
Thailand,THA,2001,62.78749
Thailand,THA,2002,62.82032
Thailand,THA,2003,63.11044
Thailand,THA,2004,63.1444
Thailand,THA,2005,63.81845
Thailand,THA,2006,64.29889
Thailand,THA,2007,64.7465
Thailand,THA,2008,65.19288
Thailand,THA,2009,65.67372
Thailand,THA,2010,65.87835
Thailand,THA,2011,66.20725
Thailand,THA,2012,66.5556
Thailand,THA,2013,66.83509
Thailand,THA,2014,67.00259
Thailand,THA,2015,67.1639
Thailand,THA,2016,67.1859
Thailand,THA,2017,67.36174
Thailand,THA,2018,67.31019
Thailand,THA,2019,67.14192
Thailand,THA,2020,66.74704
Thailand,THA,2021,65.75673
Togo,TGO,2000,49.01759
Togo,TGO,2001,49.06442
Togo,TGO,2002,49.16505
Togo,TGO,2003,49.29299
Togo,TGO,2004,49.62558
Togo,TGO,2005,49.80462
Togo,TGO,2006,50.28477
Togo,TGO,2007,50.45318
Togo,TGO,2008,50.71276
Togo,TGO,2009,51.18614
Togo,TGO,2010,51.74893
Togo,TGO,2011,52.31667
Togo,TGO,2012,52.79959
Togo,TGO,2013,53.20262
Togo,TGO,2014,53.57856
Togo,TGO,2015,53.97696
Togo,TGO,2016,54.40971
Togo,TGO,2017,54.87801
Togo,TGO,2018,55.32479
Togo,TGO,2019,55.80712
Togo,TGO,2020,55.93009
Togo,TGO,2021,55.84901
Tonga,TON,2000,62.71423
Tonga,TON,2001,62.90071
Tonga,TON,2002,62.91137
Tonga,TON,2003,62.90169
Tonga,TON,2004,63.02497
Tonga,TON,2005,63.40157
Tonga,TON,2006,63.43607
Tonga,TON,2007,63.43207
Tonga,TON,2008,63.42828
Tonga,TON,2009,61.93973
Tonga,TON,2010,63.51304
Tonga,TON,2011,63.56158
Tonga,TON,2012,63.60732
Tonga,TON,2013,63.65152
Tonga,TON,2014,63.70339
Tonga,TON,2015,63.75743
Tonga,TON,2016,63.81532
Tonga,TON,2017,63.91955
Tonga,TON,2018,63.99907
Tonga,TON,2019,64.05439
Tonga,TON,2020,64.18159
Tonga,TON,2021,63.78331
Trinidad and Tobago,TTO,2000,61.39101
Trinidad and Tobago,TTO,2001,61.4821
Trinidad and Tobago,TTO,2002,61.88098
Trinidad and Tobago,TTO,2003,61.77986
Trinidad and Tobago,TTO,2004,62.05883
Trinidad and Tobago,TTO,2005,62.29316
Trinidad and Tobago,TTO,2006,62.68716
Trinidad and Tobago,TTO,2007,62.80772
Trinidad and Tobago,TTO,2008,62.50865
Trinidad and Tobago,TTO,2009,63.10798
Trinidad and Tobago,TTO,2010,63.47504
Trinidad and Tobago,TTO,2011,64.00175
Trinidad and Tobago,TTO,2012,64.48425
Trinidad and Tobago,TTO,2013,64.25188
Trinidad and Tobago,TTO,2014,64.26089
Trinidad and Tobago,TTO,2015,64.29915
Trinidad and Tobago,TTO,2016,63.90702
Trinidad and Tobago,TTO,2017,64.02984
Trinidad and Tobago,TTO,2018,63.99937
Trinidad and Tobago,TTO,2019,64.07093
Trinidad and Tobago,TTO,2020,63.59176
Trinidad and Tobago,TTO,2021,61.9447
Tunisia,TUN,2000,64.35251
Tunisia,TUN,2001,64.55582
Tunisia,TUN,2002,64.71594
Tunisia,TUN,2003,64.8733
Tunisia,TUN,2004,65.04247
Tunisia,TUN,2005,65.19363
Tunisia,TUN,2006,65.3388
Tunisia,TUN,2007,65.45802
Tunisia,TUN,2008,65.57858
Tunisia,TUN,2009,65.67504
Tunisia,TUN,2010,65.7673
Tunisia,TUN,2011,65.85578
Tunisia,TUN,2012,65.97452
Tunisia,TUN,2013,66.03229
Tunisia,TUN,2014,66.0902
Tunisia,TUN,2015,66.15358
Tunisia,TUN,2016,66.24767
Tunisia,TUN,2017,66.33246
Tunisia,TUN,2018,66.47597
Tunisia,TUN,2019,66.67575
Tunisia,TUN,2020,66.24058
Tunisia,TUN,2021,63.5798
Turkey,TUR,2000,63.62814
Turkey,TUR,2001,64.19017
Turkey,TUR,2002,64.75115
Turkey,TUR,2003,65.14863
Turkey,TUR,2004,65.55093
Turkey,TUR,2005,65.84016
Turkey,TUR,2006,66.13354
Turkey,TUR,2007,66.31787
Turkey,TUR,2008,66.34844
Turkey,TUR,2009,66.18292
Turkey,TUR,2010,66.32822
Turkey,TUR,2011,66.47082
Turkey,TUR,2012,66.55701
Turkey,TUR,2013,66.53598
Turkey,TUR,2014,66.46603
Turkey,TUR,2015,66.43081
Turkey,TUR,2016,66.43894
Turkey,TUR,2017,66.77478
Turkey,TUR,2018,67.16131
Turkey,TUR,2019,67.23816
Turkey,TUR,2020,66.03379
Turkey,TUR,2021,65.20501
Turkmenistan,TKM,2000,57.83476
Turkmenistan,TKM,2001,58.17516
Turkmenistan,TKM,2002,58.17171
Turkmenistan,TKM,2003,58.2375
Turkmenistan,TKM,2004,58.07058
Turkmenistan,TKM,2005,57.84897
Turkmenistan,TKM,2006,58.18572
Turkmenistan,TKM,2007,58.60227
Turkmenistan,TKM,2008,59.25252
Turkmenistan,TKM,2009,60.39389
Turkmenistan,TKM,2010,60.94787
Turkmenistan,TKM,2011,61.06038
Turkmenistan,TKM,2012,61.151
Turkmenistan,TKM,2013,61.03314
Turkmenistan,TKM,2014,60.90374
Turkmenistan,TKM,2015,60.8559
Turkmenistan,TKM,2016,60.96717
Turkmenistan,TKM,2017,60.99057
Turkmenistan,TKM,2018,61.07539
Turkmenistan,TKM,2019,61.13354
Turkmenistan,TKM,2020,60.50715
Turkmenistan,TKM,2021,60.82373
Uganda,UGA,2000,42.49072
Uganda,UGA,2001,43.26323
Uganda,UGA,2002,44.01737
Uganda,UGA,2003,44.91112
Uganda,UGA,2004,46.14398
Uganda,UGA,2005,47.5325
Uganda,UGA,2006,48.51985
Uganda,UGA,2007,49.27545
Uganda,UGA,2008,50.30767
Uganda,UGA,2009,51.28546
Uganda,UGA,2010,52.08895
Uganda,UGA,2011,52.87313
Uganda,UGA,2012,53.69035
Uganda,UGA,2013,54.51527
Uganda,UGA,2014,55.21564
Uganda,UGA,2015,55.84688
Uganda,UGA,2016,56.25832
Uganda,UGA,2017,56.75484
Uganda,UGA,2018,57.21663
Uganda,UGA,2019,57.55454
Uganda,UGA,2020,57.68586
Uganda,UGA,2021,57.22439
Ukraine,UKR,2000,58.78879
Ukraine,UKR,2001,58.92787
Ukraine,UKR,2002,58.82062
Ukraine,UKR,2003,58.92817
Ukraine,UKR,2004,58.90961
Ukraine,UKR,2005,58.70979
Ukraine,UKR,2006,59.26217
Ukraine,UKR,2007,59.1209
Ukraine,UKR,2008,59.38657
Ukraine,UKR,2009,60.65561
Ukraine,UKR,2010,61.19825
Ukraine,UKR,2011,61.81311
Ukraine,UKR,2012,61.95329
Ukraine,UKR,2013,62.33265
Ukraine,UKR,2014,61.80662
Ukraine,UKR,2015,62.79655
Ukraine,UKR,2016,63.17075
Ukraine,UKR,2017,63.45635
Ukraine,UKR,2018,63.24699
Ukraine,UKR,2019,63.47308
Ukraine,UKR,2020,62.99451
Ukraine,UKR,2021,61.55216
United Arab Emirates,ARE,2000,67.45346
United Arab Emirates,ARE,2001,67.55727
United Arab Emirates,ARE,2002,67.60954
United Arab Emirates,ARE,2003,67.74579
United Arab Emirates,ARE,2004,67.96096
United Arab Emirates,ARE,2005,68.29525
United Arab Emirates,ARE,2006,68.77331
United Arab Emirates,ARE,2007,69.11095
United Arab Emirates,ARE,2008,69.25181
United Arab Emirates,ARE,2009,69.18943
United Arab Emirates,ARE,2010,68.99058
United Arab Emirates,ARE,2011,68.87477
United Arab Emirates,ARE,2012,68.91492
United Arab Emirates,ARE,2013,69.08665
United Arab Emirates,ARE,2014,69.15069
United Arab Emirates,ARE,2015,69.19646
United Arab Emirates,ARE,2016,69.23726
United Arab Emirates,ARE,2017,69.33998
United Arab Emirates,ARE,2018,69.51206
United Arab Emirates,ARE,2019,69.68634
United Arab Emirates,ARE,2020,68.60732
United Arab Emirates,ARE,2021,67.2737
United Kingdom,GBR,2000,67.27734
United Kingdom,GBR,2001,67.34223
United Kingdom,GBR,2002,67.45045
United Kingdom,GBR,2003,67.52331
United Kingdom,GBR,2004,67.92113
United Kingdom,GBR,2005,68.10254
United Kingdom,GBR,2006,68.31345
United Kingdom,GBR,2007,68.43734
United Kingdom,GBR,2008,68.50793
United Kingdom,GBR,2009,68.84473
United Kingdom,GBR,2010,69.0057
United Kingdom,GBR,2011,69.28706
United Kingdom,GBR,2012,69.3105
United Kingdom,GBR,2013,69.34533
United Kingdom,GBR,2014,69.51872
United Kingdom,GBR,2015,69.3339
United Kingdom,GBR,2016,69.43579
United Kingdom,GBR,2017,69.53511
United Kingdom,GBR,2018,69.31455
United Kingdom,GBR,2019,69.73675
United Kingdom,GBR,2020,68.75005
United Kingdom,GBR,2021,68.63631
United States,USA,2000,65.32207
United States,USA,2001,65.36244
United States,USA,2002,65.43271
United States,USA,2003,65.53086
United States,USA,2004,65.81921
United States,USA,2005,65.80626
United States,USA,2006,65.99705
United States,USA,2007,66.15695
United States,USA,2008,66.21893
United States,USA,2009,66.4431
United States,USA,2010,66.55658
United States,USA,2011,66.55993
United States,USA,2012,66.59242
United States,USA,2013,66.5319
United States,USA,2014,66.49774
United States,USA,2015,66.30626
United States,USA,2016,66.16788
United States,USA,2017,66.02778
United States,USA,2018,66.02104
United States,USA,2019,66.0239
United States,USA,2020,64.43126
United States,USA,2021,63.91496
Uruguay,URY,2000,65.33565
Uruguay,URY,2001,65.37438
Uruguay,URY,2002,65.48572
Uruguay,URY,2003,65.23183
Uruguay,URY,2004,65.57325
Uruguay,URY,2005,65.86511
Uruguay,URY,2006,66.37845
Uruguay,URY,2007,65.6579
Uruguay,URY,2008,66.39654
Uruguay,URY,2009,66.60962
Uruguay,URY,2010,66.49172
Uruguay,URY,2011,66.55796
Uruguay,URY,2012,66.40536
Uruguay,URY,2013,66.61563
Uruguay,URY,2014,66.95855
Uruguay,URY,2015,66.92449
Uruguay,URY,2016,66.73622
Uruguay,URY,2017,67.07911
Uruguay,URY,2018,66.82724
Uruguay,URY,2019,66.81174
Uruguay,URY,2020,67.32915
Uruguay,URY,2021,64.98707
Uzbekistan,UZB,2000,54.69814
Uzbekistan,UZB,2001,55.10809
Uzbekistan,UZB,2002,55.17683
Uzbekistan,UZB,2003,55.66345
Uzbekistan,UZB,2004,56.23835
Uzbekistan,UZB,2005,56.10851
Uzbekistan,UZB,2006,56.94115
Uzbekistan,UZB,2007,57.46808
Uzbekistan,UZB,2008,58.02884
Uzbekistan,UZB,2009,58.72861
Uzbekistan,UZB,2010,59.12492
Uzbekistan,UZB,2011,59.53182
Uzbekistan,UZB,2012,59.9296
Uzbekistan,UZB,2013,60.52996
Uzbekistan,UZB,2014,60.90853
Uzbekistan,UZB,2015,61.39347
Uzbekistan,UZB,2016,61.81403
Uzbekistan,UZB,2017,62.17384
Uzbekistan,UZB,2018,62.99456
Uzbekistan,UZB,2019,63.62098
Uzbekistan,UZB,2020,62.8175
Uzbekistan,UZB,2021,63.35887
Vanuatu,VUT,2000,57.48524
Vanuatu,VUT,2001,57.54953
Vanuatu,VUT,2002,57.64689
Vanuatu,VUT,2003,57.75006
Vanuatu,VUT,2004,57.85245
Vanuatu,VUT,2005,57.95561
Vanuatu,VUT,2006,58.05454
Vanuatu,VUT,2007,58.17365
Vanuatu,VUT,2008,58.30945
Vanuatu,VUT,2009,58.46867
Vanuatu,VUT,2010,58.61381
Vanuatu,VUT,2011,58.75462
Vanuatu,VUT,2012,58.88706
Vanuatu,VUT,2013,59.0245
Vanuatu,VUT,2014,59.09969
Vanuatu,VUT,2015,59.15597
Vanuatu,VUT,2016,59.24772
Vanuatu,VUT,2017,59.28469
Vanuatu,VUT,2018,59.32314
Vanuatu,VUT,2019,59.37807
Vanuatu,VUT,2020,59.35447
Vanuatu,VUT,2021,58.68255
Venezuela,VEN,2000,64.37741
Venezuela,VEN,2001,64.28687
Venezuela,VEN,2002,64.53485
Venezuela,VEN,2003,64.08973
Venezuela,VEN,2004,64.68568
Venezuela,VEN,2005,64.91907
Venezuela,VEN,2006,64.88271
Venezuela,VEN,2007,64.755
Venezuela,VEN,2008,64.57827
Venezuela,VEN,2009,64.79853
Venezuela,VEN,2010,64.90721
Venezuela,VEN,2011,64.86035
Venezuela,VEN,2012,64.73063
Venezuela,VEN,2013,64.85869
Venezuela,VEN,2014,64.4899
Venezuela,VEN,2015,64.38384
Venezuela,VEN,2016,63.14309
Venezuela,VEN,2017,63.60919
Venezuela,VEN,2018,63.47803
Venezuela,VEN,2019,63.40129
Venezuela,VEN,2020,63.06179
Venezuela,VEN,2021,62.04616
Vietnam,VNM,2000,63.73765
Vietnam,VNM,2001,63.85565
Vietnam,VNM,2002,63.95078
Vietnam,VNM,2003,64.01758
Vietnam,VNM,2004,64.07521
Vietnam,VNM,2005,64.1142
Vietnam,VNM,2006,64.17853
Vietnam,VNM,2007,64.23966
Vietnam,VNM,2008,64.28905
Vietnam,VNM,2009,64.3405
Vietnam,VNM,2010,64.40885
Vietnam,VNM,2011,64.51307
Vietnam,VNM,2012,64.61367
Vietnam,VNM,2013,64.69065
Vietnam,VNM,2014,64.77673
Vietnam,VNM,2015,64.84079
Vietnam,VNM,2016,64.98705
Vietnam,VNM,2017,65.13926
Vietnam,VNM,2018,65.27008
Vietnam,VNM,2019,65.38788
Vietnam,VNM,2020,66.16425
Vietnam,VNM,2021,65.35112
Western Pacific (WHO),,2000,63.8224
Western Pacific (WHO),,2001,64.07217
Western Pacific (WHO),,2002,64.33076
Western Pacific (WHO),,2003,64.52078
Western Pacific (WHO),,2004,64.72144
Western Pacific (WHO),,2005,65.07106
Western Pacific (WHO),,2006,65.65043
Western Pacific (WHO),,2007,66.05504
Western Pacific (WHO),,2008,66.20277
Western Pacific (WHO),,2009,66.5069
Western Pacific (WHO),,2010,66.70234
Western Pacific (WHO),,2011,66.94664
Western Pacific (WHO),,2012,67.2539
Western Pacific (WHO),,2013,67.48845
Western Pacific (WHO),,2014,67.73983
Western Pacific (WHO),,2015,67.91826
Western Pacific (WHO),,2016,68.03908
Western Pacific (WHO),,2017,68.18766
Western Pacific (WHO),,2018,68.28596
Western Pacific (WHO),,2019,68.35147
Western Pacific (WHO),,2020,68.43637
Western Pacific (WHO),,2021,68.1725
World,OWID_WRL,2000,58.12344
World,OWID_WRL,2001,58.40269
World,OWID_WRL,2002,58.63425
World,OWID_WRL,2003,58.87213
World,OWID_WRL,2004,59.15355
World,OWID_WRL,2005,59.52213
World,OWID_WRL,2006,60.00628
World,OWID_WRL,2007,60.386
World,OWID_WRL,2008,60.63911
World,OWID_WRL,2009,61.07865
World,OWID_WRL,2010,61.32394
World,OWID_WRL,2011,61.68079
World,OWID_WRL,2012,61.98545
World,OWID_WRL,2013,62.2747
World,OWID_WRL,2014,62.5083
World,OWID_WRL,2015,62.70618
World,OWID_WRL,2016,62.90679
World,OWID_WRL,2017,63.09979
World,OWID_WRL,2018,63.26989
World,OWID_WRL,2019,63.45015
World,OWID_WRL,2020,62.82665
World,OWID_WRL,2021,61.91107
Yemen,YEM,2000,54.15135
Yemen,YEM,2001,54.61533
Yemen,YEM,2002,55.07961
Yemen,YEM,2003,55.51876
Yemen,YEM,2004,55.97559
Yemen,YEM,2005,56.43618
Yemen,YEM,2006,56.87517
Yemen,YEM,2007,57.25271
Yemen,YEM,2008,57.62612
Yemen,YEM,2009,57.94629
Yemen,YEM,2010,58.25258
Yemen,YEM,2011,58.40834
Yemen,YEM,2012,58.52725
Yemen,YEM,2013,58.94747
Yemen,YEM,2014,58.93196
Yemen,YEM,2015,58.54467
Yemen,YEM,2016,58.06685
Yemen,YEM,2017,58.04618
Yemen,YEM,2018,56.94389
Yemen,YEM,2019,57.35889
Yemen,YEM,2020,57.03904
Yemen,YEM,2021,56.46368
Zambia,ZMB,2000,38.89198
Zambia,ZMB,2001,39.3098
Zambia,ZMB,2002,40.0323
Zambia,ZMB,2003,41.15664
Zambia,ZMB,2004,42.56884
Zambia,ZMB,2005,43.79955
Zambia,ZMB,2006,45.03265
Zambia,ZMB,2007,46.56792
Zambia,ZMB,2008,48.11215
Zambia,ZMB,2009,49.21949
Zambia,ZMB,2010,49.92398
Zambia,ZMB,2011,50.46862
Zambia,ZMB,2012,51.07566
Zambia,ZMB,2013,51.69498
Zambia,ZMB,2014,52.2565
Zambia,ZMB,2015,52.65751
Zambia,ZMB,2016,53.13472
Zambia,ZMB,2017,53.41063
Zambia,ZMB,2018,53.54286
Zambia,ZMB,2019,53.86917
Zambia,ZMB,2020,53.91471
Zambia,ZMB,2021,52.97009
Zimbabwe,ZWE,2000,40.53122
Zimbabwe,ZWE,2001,40.28707
Zimbabwe,ZWE,2002,40.03709
Zimbabwe,ZWE,2003,39.9656
Zimbabwe,ZWE,2004,40.09101
Zimbabwe,ZWE,2005,40.54495
Zimbabwe,ZWE,2006,41.11316
Zimbabwe,ZWE,2007,41.87137
Zimbabwe,ZWE,2008,42.68523
Zimbabwe,ZWE,2009,43.80702
Zimbabwe,ZWE,2010,45.31473
Zimbabwe,ZWE,2011,46.89144
Zimbabwe,ZWE,2012,48.28139
Zimbabwe,ZWE,2013,49.31671
Zimbabwe,ZWE,2014,50.05069
Zimbabwe,ZWE,2015,50.511
Zimbabwe,ZWE,2016,50.89949
Zimbabwe,ZWE,2017,51.1999
Zimbabwe,ZWE,2018,51.62105
Zimbabwe,ZWE,2019,51.95162
Zimbabwe,ZWE,2020,52.19895
Zimbabwe,ZWE,2021,51.24891